Gene_ID	SRR28479526	SRR28479525
WBGene2L52	259.89	47.4754
WBGene2RSSE	231.91	50.9349
WBGene3R5	0.0	0.0
WBGene4R79	0.0	0.0
WBGeneAC3	0.0	80.5023
WBGeneAC7	0.0	0.0
WBGeneAC8	0.0	0.0
WBGeneAH10	0.0	0.0
WBGeneAH6	0.0	0.0
WBGeneAH9	144.146	138.037
WBGeneB0001	494.94941	385.70748860000003
WBGeneB0019	90.50659999999999	42.979
WBGeneB0024	0.0	409.9083
WBGeneB0025	70.32711	1206.0352
WBGeneB0034	1406.347	27.8368
WBGeneB0035	567.1461	3132.8802
WBGeneB0041	1262.8645000000001	2151.888
WBGeneB0047	0.0	0.0
WBGeneB0198	0.0	27.55358106
WBGeneB0205	530.9235	1272.9366
WBGeneB0207	210.56	0.0
WBGeneB0212	0.0	0.0
WBGeneB0213	0.0	3098.537
WBGeneB0218	62.3382047569	0.0
WBGeneB0222	283.476	542.64
WBGeneB0228	3.98333	303.3445
WBGeneB0238	480.85900000000004	438.485
WBGeneB0240	0.0	52.9578
WBGeneB0244	0.0	0.0
WBGeneB0250	2290.049	1238.905
WBGeneB0252	0.0	0.0
WBGeneB0261	207.34953	1057.567528
WBGeneB0272	73.7919	135.237
WBGeneB0273	148.6422	36.5304
WBGeneB0280	170.087	149.4905
WBGeneB0281	0.0	952.579
WBGeneB0284	38.3109	0.0
WBGeneB0285	273.2659	75.5339107
WBGeneB0286	452.00100000000003	416.249
WBGeneB0294	0.0	0.0
WBGeneB0302	27.0421	0.0
WBGeneB0303	886.5842	339.27200000000005
WBGeneB0304	412.907	276.625
WBGeneB0310	0.0	166.29
WBGeneB0331	0.0	0.0
WBGeneB0334	429.45340322958	584.25680652909
WBGeneB0336	3134.2572999999998	4749.918853
WBGeneB0344	51.96	49.2561
WBGeneB0348	298.501961	326.35031508657
WBGeneB0350	180.0654	205.09897999999998
WBGeneB0353	201.1874	0.0
WBGeneB0361	253.699048	494.504183
WBGeneB0365	259.58700226376	306.84800823696
WBGeneB0379	228.5319067	28.61797629
WBGeneB0391	195.362	95.072
WBGeneB0393	1239.8558	1029.8008
WBGeneB0395	136.898	50.667
WBGeneB0399	0.0	0.0
WBGeneB0403	497.7355	197.786
WBGeneB0410	0.0	0.0
WBGeneB0412	12024.3	3076.5414
WBGeneB0414	107.2131482507	113.024904484768
WBGeneB0416	220.445034351	282.9527129385
WBGeneB0432	83.2736	998.5016
WBGeneB0454	0.0	0.0
WBGeneB0457	83.7265	105.5064
WBGeneB0462	0.0	97.7346
WBGeneB0464	1537.9756937	1949.4278
WBGeneB0478	0.0	75.72
WBGeneB0491	294.5047261	169.8195
WBGeneB0495	337.391076	357.0232
WBGeneB0496	20.770109060990002	168.88030294309
WBGeneB0507	197.16449999999998	50.6966
WBGeneB0511	249.5551662	658.90952895
WBGeneB0513	279.6328	787.358
WBGeneB0523	0.0	40.4391
WBGeneB0524	52.7341	49.9948
WBGeneB0545	51.9014	0.0
WBGeneB0546	1070.5745	548.3247
WBGeneB0547	0.0	297.281
WBGeneB0554	0.0	0.0
WBGeneB0563	236.37030696850996	510.425
WBGeneB0564	269.0277	54.2845
WBGeneBE0003N10	42.9208	299.721
WBGeneBE10	68.1119	104.0659
WBGeneC01A2	114.873	573.955
WBGeneC01B10	1769.732	2600.9859
WBGeneC01B12	110.27	0.0
WBGeneC01B4	0.0	0.0
WBGeneC01B7	206.3135	323.18899999999996
WBGeneC01B9	0.0	0.0
WBGeneC01C10	0.0	548.859
WBGeneC01C4	0.0	0.0
WBGeneC01C7	28.31761	53.52754
WBGeneC01F1	204.56920000000002	316.817
WBGeneC01F4	31.3005	0.0
WBGeneC01F6	584.6598	3476.763
WBGeneC01G10	1112.702	318.784
WBGeneC01G12	0.0	61.442
WBGeneC01G5	0.0	477.0045
WBGeneC01G6	3143.201	3226.2551
WBGeneC01G8	196.978468	417.23155399999996
WBGeneC01H6	266.1372958	47.3716
WBGeneC02A12	0.0	0.0
WBGeneC02B10	161.1519	311.853
WBGeneC02B4	113.85400385861	0.0
WBGeneC02B8	0.0	0.0
WBGeneC02C2	0.0	0.0
WBGeneC02C6	469.796	214.7177
WBGeneC02D4	0.0	0.0
WBGeneC02D5	509.31550000000004	161.63
WBGeneC02E11	111.13929999999999	26.25834
WBGeneC02E7	2098.893	2182.87
WBGeneC02F12	275.6521	429.0938
WBGeneC02F4	555.99	294.00109899999995
WBGeneC02F5	140.0411	216.8238
WBGeneC02G6	0.0	0.0
WBGeneC02H6	0.0	0.0
WBGeneC02H7	43.1535	145.84313571799998
WBGeneC03A3	0.0	62.5957
WBGeneC03A7	218.37619999999998	72.5509
WBGeneC03B1	632.82	363.328
WBGeneC03B8	54.6471	38.6671
WBGeneC03C10	1147.075	770.104
WBGeneC03C11	0.0	0.0
WBGeneC03D6	22.8633	78.705
WBGeneC03E10	0.0	0.0
WBGeneC03F11	0.0	0.0
WBGeneC03G5	132.533	41.838
WBGeneC03G6	0.0	0.0
WBGeneC03H12	0.0	329.4031
WBGeneC03H5	101.562	106.392
WBGeneC04A11	50.50728976	23.85973529
WBGeneC04A2	317.7319	138.0685
WBGeneC04B4	0.0	0.0
WBGeneC04C11	95.18439	45.089099999999995
WBGeneC04C3	93.7982	89.3854
WBGeneC04D8	159.725	24.3354
WBGeneC04E12	0.0	0.0
WBGeneC04E6	0.0	30.1511
WBGeneC04E7	24.7977	58.3011
WBGeneC04F1	0.0	0.0
WBGeneC04F12	1944.911	2648.8901
WBGeneC04F2	0.0	0.0
WBGeneC04F5	39.3933	0.0
WBGeneC04F6	592.4879	354.255
WBGeneC04G2	0.0	0.0
WBGeneC04G6	20.9338	39.5353
WBGeneC04H4	0.0	0.0
WBGeneC04H5	234.5964	0.0
WBGeneC05A2	0.0	0.0
WBGeneC05A9	286.654	182.152
WBGeneC05B10	0.0	0.0
WBGeneC05B5	95.8498	231.852
WBGeneC05C10	0.0	418.936849214979
WBGeneC05C12	18.5609	0.0
WBGeneC05C8	412.08099999999996	825.23051
WBGeneC05C9	0.0	0.0
WBGeneC05D10	341.26099999999997	259.1097
WBGeneC05D11	1133.3323268687	824.7146
WBGeneC05D12	181.597	278.20184774999996
WBGeneC05D2	207.8203	0.0
WBGeneC05D9	535.6653	165.33
WBGeneC05E11	90.5674	0.0
WBGeneC05E4	599.27456683	252.634
WBGeneC05E7	147.106	278.127
WBGeneC05G5	551.038	455.23603
WBGeneC05G6	0.0	69.5247
WBGeneC05H8	0.0	0.0
WBGeneC06A1	0.0	35.8801
WBGeneC06A12	0.0	0.0
WBGeneC06A5	205.145183	174.760511
WBGeneC06A6	263.4475361	410.79031596000004
WBGeneC06A8	287.89	780.0442
WBGeneC06B3	0.0	0.0
WBGeneC06B8	2575.4147	2422.0957
WBGeneC06C3	121.164	57.2739
WBGeneC06C6	0.0	104.974
WBGeneC06E1	370.3683	230.583
WBGeneC06E2	191.087	0.0
WBGeneC06E4	654.178	624.979
WBGeneC06E7	232.60000000000002	0.0
WBGeneC06E8	0.0	0.0
WBGeneC06G1	515.80307189	861.59538039
WBGeneC06G3	159.5572	267.849300847229
WBGeneC06G4	78.465004252	74.265012623
WBGeneC06G8	0.0	0.0
WBGeneC06H2	771.805	415.2068
WBGeneC06H5	88.8192	84.5876
WBGeneC07A12	1522.9764	1271.4176195999999
WBGeneC07A4	0.0	0.0
WBGeneC07A9	380.4507	655.2389
WBGeneC07B5	98.729	0.0
WBGeneC07C7	0.0	0.0
WBGeneC07D10	426.7061751	172.543
WBGeneC07D8	0.0	109.345
WBGeneC07E3	40.9535	141.96938799999998
WBGeneC07F11	0.0	69.3828
WBGeneC07G1	967.6697	1100.7404999999999
WBGeneC07G2	252.0779	256.1195
WBGeneC07G3	86.0776	0.0
WBGeneC07H4	0.0	36.7316
WBGeneC07H6	1109.3117	233.8383156
WBGeneC08A9	0.0	0.0
WBGeneC08B11	400.56490035455397	328.2866
WBGeneC08B6	393.239	299.22
WBGeneC08C3	0.0	0.0
WBGeneC08D8	0.0	0.0
WBGeneC08E3	0.0	0.0
WBGeneC08E8	0.0	0.0
WBGeneC08F1	121.7316	806.4755
WBGeneC08F11	0.0	78.1786871768
WBGeneC08F8	1010.93	485.322
WBGeneC08G5	225.972	0.0
WBGeneC08G9	14.0155	0.0
WBGeneC08H9	115.493	217.47689999999997
WBGeneC09B7	0.0	0.0
WBGeneC09B8	371.50266	459.294
WBGeneC09B9	0.0	0.0
WBGeneC09C7	0.0	0.0
WBGeneC09D1	17.9986	19.6732512
WBGeneC09D4	1564.53323718	687.24598045
WBGeneC09D8	99.1222	93.5875
WBGeneC09E10	0.0	0.0
WBGeneC09E7	123.4511	30.565031100000002
WBGeneC09E8	91.0207	424.71009999999995
WBGeneC09E9	0.0	0.0
WBGeneC09F12	0.0	0.0
WBGeneC09F5	93.0396	213.923
WBGeneC09F9	70.0745	82.6784
WBGeneC09G1	163.061	21.2925
WBGeneC09G12	50.6168	0.0
WBGeneC09G4	973.2752956294	988.744000176
WBGeneC09G5	0.0	29.3745
WBGeneC09G9	109.671	364.3793
WBGeneC09H10	2528.8759999999997	1791.059
WBGeneC09H5	0.0	0.0
WBGeneC09H6	140.985000632657	110.1581
WBGeneC10A4	289.652	0.0
WBGeneC10B5	0.0	0.0
WBGeneC10C5	152.9788375	89.48282549999999
WBGeneC10C6	63.6718	42.456199999999995
WBGeneC10E2	129.366	168.1813
WBGeneC10F3	293.8282	0.0
WBGeneC10G11	382.1526	817.921
WBGeneC10G6	103.627	49.506896000000005
WBGeneC10G8	528.9459999999999	530.363
WBGeneC10H11	230.623800453439	187.37090200479
WBGeneC11D2	18.780625375	0.0
WBGeneC11D9	0.0	0.0
WBGeneC11E4	156.051	71.2263
WBGeneC11G10	0.0	0.0
WBGeneC11G6	31.0053	442.2382
WBGeneC11H1	54.8722	76.0522
WBGeneC12C8	0.0	390.204
WBGeneC12D12	63.7255	48.6752
WBGeneC12D5	72.2281	224.982
WBGeneC12D8	243.419061	393.0902
WBGeneC13A10	0.0	0.0
WBGeneC13A2	0.0	0.0
WBGeneC13B4	103.3561	191.099
WBGeneC13B7	0.0	0.0
WBGeneC13B9	123.434	175.731
WBGeneC13C12	165.648	0.0
WBGeneC13C4	0.0	68.319122273
WBGeneC13D9	0.0	0.0
WBGeneC13E3	97.2079	0.0
WBGeneC13F10	479.3	507.173
WBGeneC13G3	65.3548	172.832
WBGeneC13G5	0.0	0.0
WBGeneC14A11	55.3009	310.717
WBGeneC14A4	769.559	1525.7597
WBGeneC14A6	0.0	0.0
WBGeneC14B1	634.8937	789.0404
WBGeneC14B4	33.907455299999995	32.0029
WBGeneC14B9	2605.2522	3540.4451000000004
WBGeneC14C10	45.8831941	386.965327
WBGeneC14C11	313.38789999999995	396.94899999999996
WBGeneC14C6	0.0	0.0
WBGeneC14E2	0.0	0.0
WBGeneC14F11	340.5888	607.5236
WBGeneC14F5	890.1300000000001	329.172099
WBGeneC14H10	274.66570461097	172.27060590919
WBGeneC15A11	0.0	0.0
WBGeneC15A7	0.0	0.0
WBGeneC15B12	0.0	0.0
WBGeneC15C6	217.0333	377.3931
WBGeneC15C7	324.283	99.6447
WBGeneC15C8	532.4587	418.5
WBGeneC15F1	331.126	448.0063
WBGeneC15H11	1100.126	401.4205
WBGeneC15H7	0.0	0.0
WBGeneC15H9	2564.9163	835.0042599999999
WBGeneC16A11	0.0	0.0
WBGeneC16A3	1556.4066	2706.4552
WBGeneC16B8	448.149	0.0
WBGeneC16C10	943.7497	2369.5627
WBGeneC16C2	333.7598	169.6863
WBGeneC16C4	0.0	0.0
WBGeneC16C8	41.4702	78.5213
WBGeneC16D2	0.0	0.0
WBGeneC16D6	0.0	0.0
WBGeneC16D9	0.0	0.0
WBGeneC16E9	224.20529999999997	81.87104
WBGeneC16H3	176.541	471.30699999999996
WBGeneC17A2	0.0	0.0
WBGeneC17B7	0.0	0.0
WBGeneC17C3	214.362	0.0
WBGeneC17D12	223.828	254.4707
WBGeneC17E4	1662.9027660000002	845.620814
WBGeneC17E7	0.0	0.0
WBGeneC17F3	0.0	0.0
WBGeneC17F4	0.0	0.0
WBGeneC17G1	562.4993999999999	124.9654
WBGeneC17G10	617.7742403	334.20309139999995
WBGeneC17H1	0.0	0.0
WBGeneC17H11	148.5403	108.721
WBGeneC17H12	894.1997200000001	657.79155
WBGeneC18A11	459.325	562.0399
WBGeneC18A3	232.689	603.5663000000001
WBGeneC18B10	0.0	0.0
WBGeneC18B12	196.3901	168.1501
WBGeneC18B2	51.5525	48.8673
WBGeneC18C4	266.687997581	55.366918487646004
WBGeneC18D1	151.665	168.7729
WBGeneC18D11	485.889	680.928
WBGeneC18D4	0.0	0.0
WBGeneC18E3	152.601	145.102
WBGeneC18E9	1120.8677	947.0656299999999
WBGeneC18F10	0.0	106.895
WBGeneC18F3	88.2864	27.8189
WBGeneC18G1	144.146	138.037
WBGeneC18H2	0.0	0.0
WBGeneC18H7	0.0	0.0
WBGeneC18H9	24.2233	31.081
WBGeneC23F12	176.22967630961	287.95302261
WBGeneC23G10	1272.9138092399999	2689.4065983
WBGeneC23H3	767.19690177	198.16258779
WBGeneC23H4	92.6516	107.492
WBGeneC23H5	127.794	0.0
WBGeneC24A1	97.5775	65.431
WBGeneC24A11	119.26368074	0.0
WBGeneC24A3	782.857	63.6998
WBGeneC24A8	768.3661	249.2814
WBGeneC24B5	156.6869	124.741
WBGeneC24B9	0.0	0.0
WBGeneC24D10	530.538	709.998
WBGeneC24F3	0.0	387.624
WBGeneC24G6	0.0	488.4065
WBGeneC24G7	0.0	0.0
WBGeneC24H10	223.1793	81.3332
WBGeneC24H11	60.9001	657.3637
WBGeneC24H12	788.5689	169.835599
WBGeneC25A1	1599.1446	1439.4594
WBGeneC25A11	175.480133	181.9822
WBGeneC25A6	0.0	0.0
WBGeneC25A8	0.0	0.0
WBGeneC25B8	549.872273	1422.0938241000001
WBGeneC25D7	91.974	87.0038
WBGeneC25E10	0.0	0.0
WBGeneC25F6	540.7215	424.8155
WBGeneC25F9	49.262	319.4258
WBGeneC25G4	0.0	63.381
WBGeneC25G6	0.0	111.741
WBGeneC25H3	380.391	603.6168
WBGeneC26B2	90.0851	457.0521
WBGeneC26B9	583.0344031999999	270.49699999999996
WBGeneC26C6	572.32943	599.93097
WBGeneC26D10	725.1345	432.252
WBGeneC26E1	0.0	0.0
WBGeneC26E6	67.711	477.1297
WBGeneC26F1	1445.7	727.121
WBGeneC26G2	99.6981	95.304758
WBGeneC26H9A	18.8694	0.0
WBGeneC27A12	136.43189999999998	341.07460000000003
WBGeneC27A2	2468.2581	2494.9545000000003
WBGeneC27A7	22.6327	0.0
WBGeneC27B7	384.77829	175.158
WBGeneC27C12	41.0814	0.0
WBGeneC27C7	0.0	0.0
WBGeneC27D11	112.533	79.7699
WBGeneC27D6	179.895	85.6745
WBGeneC27D8	0.0	0.0
WBGeneC27D9	0.0	54.9035
WBGeneC27F2	519.9714	280.9773
WBGeneC27H5	572.893	887.8199999999999
WBGeneC27H6	338.03659999999996	311.59700000000004
WBGeneC28A5	129.5940800104	372.16846403
WBGeneC28C12	289.7074	335.1087
WBGeneC28D4	86.4009	70.4859
WBGeneC28F5	0.0	0.0
WBGeneC28G1	142.5182	0.0
WBGeneC28H8	470.6823	1407.6679000000001
WBGeneC29A12	235.713000463748	95.8077
WBGeneC29E4	311.12959	66.555
WBGeneC29E6	52.1366	165.5673159
WBGeneC29F3	68.9798	142.164
WBGeneC29F4	442.025	0.0
WBGeneC29F5	97.9931	373.729
WBGeneC29F7	188.1	373.10321398120004
WBGeneC29F9	71.8896	68.3191
WBGeneC29G2	237.662	0.0
WBGeneC29H12	0.0	0.0
WBGeneC30A5	255.234	216.1735
WBGeneC30B5	540.194	135.873
WBGeneC30C11	175.5442	340.8304
WBGeneC30D11	101.721	0.0
WBGeneC30E1	0.0	0.0
WBGeneC30F12	78.715	116.4085
WBGeneC30F2	0.0	0.0
WBGeneC30F8	678.0708398792	190.8138506246
WBGeneC30G12	284.402	0.0
WBGeneC30G4	0.0	0.0
WBGeneC30G7	0.0	0.0
WBGeneC30H6	131.822	276.625
WBGeneC30H7	0.0	0.0
WBGeneC31A11	0.0	0.0
WBGeneC31B8	70.5666	0.0
WBGeneC31C9	197.8396	280.8195
WBGeneC31E10	404.6126	0.0
WBGeneC31G12	0.0	0.0
WBGeneC31H1	0.0	0.0
WBGeneC31H2	95.7561	0.0
WBGeneC31H5	0.0	3109.21
WBGeneC32A3	60.1439	0.0
WBGeneC32A9	0.0	0.0
WBGeneC32B5	129.23	225.772
WBGeneC32C4	0.0	0.0
WBGeneC32D5	1258.8038999999999	1896.6904
WBGeneC32E12	289.827	0.0
WBGeneC32E8	1649.6177	1343.1317999999999
WBGeneC32F10	360.0655	99.0937
WBGeneC32H11	0.0	0.0
WBGeneC33A11	42.7414	40.4705
WBGeneC33A12	1007.5	551.679
WBGeneC33B4	133.99	50.647372405
WBGeneC33C12	0.0	123.175
WBGeneC33D12	160.605	0.0
WBGeneC33D3	0.0	0.0
WBGeneC33D9	593.9262	603.7767
WBGeneC33E10	0.0	0.0
WBGeneC33F10	208.2151	366.8251
WBGeneC33G3	117.773445	29.815755
WBGeneC33G8	0.0	0.0
WBGeneC33H5	1185.9928	680.49600641009
WBGeneC34B2	1132.353	467.9447
WBGeneC34B4	104.4054	69.9173
WBGeneC34B7	35.8904	0.0
WBGeneC34C12	249.4156	283.30899999999997
WBGeneC34C6	0.0	73.7862
WBGeneC34D1	263.353	0.0
WBGeneC34D10	0.0	136.946
WBGeneC34D4	904.302771031	651.5040286999999
WBGeneC34E10	1351.537	1141.4637
WBGeneC34E11	216.83965369999999	304.343974
WBGeneC34E7	224.973	107.447
WBGeneC34F11	0.0	72.6726
WBGeneC34F6	0.0	37.773872013327
WBGeneC34G6	319.0631	448.5164
WBGeneC34H3	0.0	40.6032
WBGeneC34H4	148.053	425.633
WBGeneC35A11	0.0	0.0
WBGeneC35A5	286.21279999999996	253.9518
WBGeneC35B1	384.381	0.0
WBGeneC35B8	195.3535	54.2111
WBGeneC35C5	288.9423	482.58113000000003
WBGeneC35D10	1037.694	1539.65838
WBGeneC35D6	0.0	0.0
WBGeneC35E7	156.7493	536.5809
WBGeneC36A4	45.79356	163.58245
WBGeneC36B1	550.2391	794.061501794
WBGeneC36B7	152.854	34.73
WBGeneC36C5	0.0	0.0
WBGeneC36C9	0.0	0.0
WBGeneC36E6	1588.3915	2328.635
WBGeneC36E8	484.45799999999997	524.934
WBGeneC36F7	0.0	56.2576
WBGeneC36H8	0.0	0.0
WBGeneC37A2	2359.2207732801	1748.3452
WBGeneC37A5	55.568	0.0
WBGeneC37C3	1502.456293	467.8215
WBGeneC37E2	247.449	225.811
WBGeneC37F5	0.0	0.0
WBGeneC37H5	363.5631	145.8007
WBGeneC38C10	196.7344	67.738
WBGeneC38C3	681.095	218.206
WBGeneC38C5	625.502	0.0
WBGeneC38C6	113.396	0.0
WBGeneC38D4	742.7446	251.3528
WBGeneC38D9	0.0	0.0
WBGeneC38H2	191.708	0.0
WBGeneC39B10	0.0	0.0
WBGeneC39B5	0.0	0.0
WBGeneC39D10	28.2716	0.0
WBGeneC39E6	0.0	316.0082
WBGeneC39E9	765.8854	0.0
WBGeneC39F7	397.98396248	195.5445305
WBGeneC39H7	0.0	0.0
WBGeneC40A11	464.328	336.878
WBGeneC40C9	0.0	0.0
WBGeneC40D2	0.0	0.0
WBGeneC40H1	0.0	198.87
WBGeneC40H5	223.77589999999998	0.0
WBGeneC41A3	0.0	0.0
WBGeneC41C4	268.0874	632.5102999999999
WBGeneC41D11	336.6257	0.0
WBGeneC41D7	0.0	0.0
WBGeneC41G11	89.6027	42.432
WBGeneC41G6	0.0	0.0
WBGeneC41G7	320.9989	383.14119999999997
WBGeneC41H7	0.0	98.307
WBGeneC42C1	1324.9054	2551.537
WBGeneC42D4	371.634	0.0
WBGeneC42D8	787.4730999999999	529.0932
WBGeneC43C3	0.0	77.9212
WBGeneC43D7	294.694	170.493
WBGeneC43E11	499.7691	892.0437
WBGeneC43F9	195.1035	275.196
WBGeneC43G2	333.935	31.9986492
WBGeneC43H6	85.3591	91.41
WBGeneC43H8	0.0	618.694
WBGeneC44B11	142.114	0.0
WBGeneC44B12	880.517	840.814
WBGeneC44B7	462.5319	64.7467
WBGeneC44B9	169.721	161.5162
WBGeneC44C1	208.0895	143.048
WBGeneC44C10	86.3198	0.0
WBGeneC44C11	109.541	0.0
WBGeneC44C3	0.0	0.0
WBGeneC44C8	382.47630000000004	130.8788
WBGeneC44E12	0.0	74.16493187
WBGeneC44E4	175.61097	327.19051
WBGeneC44F1	49.4356	0.0
WBGeneC44H4	251.92047204000002	563.5442400000001
WBGeneC44H9	0.0	133.316
WBGeneC45B11	0.0	111.4734
WBGeneC45B2	131.275	93.1093
WBGeneC45E1	113.457	0.0
WBGeneC45E5	55.4676	105.209
WBGeneC45G3	26.7512	25.2794
WBGeneC45G7	58.5371	0.0
WBGeneC45G9	429.276	0.0
WBGeneC45H4	0.0	0.0
WBGeneC46A5	580.7279	94.1362
WBGeneC46C11	0.0	36.1344
WBGeneC46C2	174.79	127.1199
WBGeneC46E1	0.0	0.0
WBGeneC46E10	0.0	164.363
WBGeneC46F11	121.30386600000001	379.254
WBGeneC46F2	0.0	0.0
WBGeneC46F4	0.0	153.429
WBGeneC46F9	0.0	81.7166
WBGeneC46G7	621.259	0.0
WBGeneC46H11	185.26314665	40.848622199999994
WBGeneC46H3	97.9473	0.0
WBGeneC47A10	0.0	0.0
WBGeneC47A4	0.0	0.0
WBGeneC47B2	404.3794	573.4649999999999
WBGeneC47C12	0.0	73.9751
WBGeneC47D12	64.183507432281	637.9529188848139
WBGeneC47D2	0.0	0.0
WBGeneC47E12	728.2795	433.09107243334
WBGeneC47E8	800.714394	568.47739
WBGeneC47F8	0.0	0.0
WBGeneC47G2	332.776	80.1243
WBGeneC48A7	58.5902	29.6492
WBGeneC48B4	123.3349	346.62135
WBGeneC48B6	369.3377	1469.8306
WBGeneC48C5	0.0	0.0
WBGeneC48D1	91.8179	305.0722
WBGeneC48D5	90.662	59.996
WBGeneC48E7	2808.1317	950.8026
WBGeneC48G7	119.784	77.28989999999999
WBGeneC49A1	0.0	75.587882642
WBGeneC49A9	0.0	66.4849
WBGeneC49C3	303.827	166.561
WBGeneC49C8	0.0	0.0
WBGeneC49D10	0.0	0.0
WBGeneC49F5	75.86	85.3234
WBGeneC49F8	0.0	225.567
WBGeneC49G7	0.0	0.0
WBGeneC49G9	0.0	0.0
WBGeneC49H3	465.43451988	2195.9265297
WBGeneC50A2	0.0	0.0
WBGeneC50B6	369.94100000000003	600.886
WBGeneC50B8	439.466	529.735
WBGeneC50C10	0.0	0.0
WBGeneC50C3	261.3692	250.6514
WBGeneC50D2	1351.5024	317.16540000000003
WBGeneC50E10	0.0	0.0
WBGeneC50E3	148.537	76.998
WBGeneC50F2	1093.4634	631.67220229204
WBGeneC50F4	344.2403	1023.67
WBGeneC50F7	0.0	78.3908
WBGeneC50H11	0.0	0.0
WBGeneC50H2	36.4736	0.0
WBGeneC51E3	0.0	138.053
WBGeneC51F7	113.295	107.083
WBGeneC52A10	60.6992	71.5921
WBGeneC52A11	82.4574	0.0
WBGeneC52B11	178.154	84.836
WBGeneC52B9	0.0	172.5397
WBGeneC52D10	863.81773	1325.9370000000001
WBGeneC52E12	189.37369999999999	36.862200530904
WBGeneC52E2	137.741	0.0
WBGeneC52E4	966.279	1227.1229
WBGeneC52G5	0.0	0.0
WBGeneC53A3	0.0	0.0
WBGeneC53A5	1795.9007000000001	2545.27
WBGeneC53B4	659.0819	313.28
WBGeneC53B7	949.1432	113.176
WBGeneC53C11	124.00613048000001	0.0
WBGeneC53C7	51.322415505	0.0
WBGeneC53C9	0.0	0.0
WBGeneC53D5	121.4109	0.0
WBGeneC53D6	227.58	437.35485
WBGeneC53H9	3736.289112675	1961.27
WBGeneC54A12	0.0	63.1125
WBGeneC54C6	52.6436	149.725
WBGeneC54C8	0.0	0.0
WBGeneC54D1	128.572	30.3341
WBGeneC54D10	0.0	0.0
WBGeneC54D2	15.81689112398	82.6517
WBGeneC54E10	0.0	607.3213
WBGeneC54E4	175.827	1218.339
WBGeneC54F6	52.1366	0.0
WBGeneC54G10	82.1955	77.8124
WBGeneC54G4	0.0	481.87300000000005
WBGeneC54G6	0.0	0.0
WBGeneC54G7	40.956160000000004	122.131100673666
WBGeneC54H2	478.75	91.2678
WBGeneC55A1	0.0	0.0
WBGeneC55A6	158.246941	205.3494
WBGeneC55B6	111.676	164.1779
WBGeneC55B7	1043.1359	567.468
WBGeneC55C2	0.0	0.0
WBGeneC55C3	0.0	0.0
WBGeneC55F2	0.0	0.0
WBGeneC55H1	0.0	0.0
WBGeneC56A3	143.025	413.782
WBGeneC56C10	1561.8879	1205.0829999999999
WBGeneC56E10	0.0	0.0
WBGeneC56E6	0.0	48.9778
WBGeneC56G2	459.76320000000004	189.8468
WBGeneC56G3	0.0	0.0
WBGeneC56G7	0.0	690.208
WBGeneCC4	0.0	0.0
WBGeneCC8	0.0	82.024862
WBGeneCD4	332.3419	117.18
WBGeneCE7X_3	0.0	0.0
WBGeneD1005	30.3308	28.6748
WBGeneD1007	5345.474	2221.8892
WBGeneD1009	92.4378	69.3578
WBGeneD1014	325.906	103.718
WBGeneD1022	227.58172	258.205
WBGeneD1025	225.248	402.637
WBGeneD1037	615.8909000000001	499.84899999999993
WBGeneD1043	0.0	69.1551
WBGeneD1044	259.262	27.165
WBGeneD1046	132.84449999999998	324.5633
WBGeneD1053	492.20099999999996	126.224
WBGeneD1054	401.052	739.1519000000001
WBGeneD1065	0.0	0.0
WBGeneD1069	1110.562	653.796
WBGeneD1073	0.0	0.0
WBGeneD1079	0.0	0.0
WBGeneD1081	272.624	293.22760000000005
WBGeneD1086	0.0	0.0
WBGeneD2005	193.1966	104.6571
WBGeneD2007	236.753	150.128
WBGeneD2013	288.5856	370.299
WBGeneD2021	0.0	24.777
WBGeneD2023	209.5217	444.798
WBGeneD2024	294.931	140.174
WBGeneD2030	98.7739	890.2016
WBGeneD2045	437.0329037	364.0599102393
WBGeneD2062	0.0	0.0
WBGeneD2063	0.0	0.0
WBGeneD2085	238.9949706603	221.983104905
WBGeneD2089	212.3743	444.791
WBGeneD2092	108.3462	303.6861
WBGeneD2096	808.6187	395.918
WBGeneDC2	241.503	167.204
WBGeneDH11	497.1749	143.303
WBGeneDY3	340.935408444	347.88731179900003
WBGeneE01A2	1115.6511	850.433
WBGeneE01B7	39.83656302	0.0
WBGeneE01F3	76.2371	0.0
WBGeneE01G4	325.2739	0.0
WBGeneE01G6	127.088	20.0604
WBGeneE01H11	49.2884	0.0
WBGeneE02A10	238.8	75.72
WBGeneE02C12	0.0	0.0
WBGeneE02D9	186.456	88.8357
WBGeneE02H1	149.37709999999998	523.0223
WBGeneE02H4	253.5059	49.594301022729994
WBGeneE02H9	0.0	67.9975
WBGeneE03A3	47.6131304644	401.3
WBGeneE03D2	0.0	0.0
WBGeneE03E2	0.0	0.0
WBGeneE03G2	0.0	0.0
WBGeneE03H12	0.0	0.0
WBGeneE03H4	0.0	0.0
WBGeneE04A4	2727.59	2456.6615
WBGeneE04D5	106.6043	0.0
WBGeneE04F6	75.363	339.4040416707
WBGeneEEED8	1475.4806999999998	1654.2367
WBGeneEGAP1	0.0	0.0
WBGeneEGAP2	109.022	0.0
WBGeneEGAP4	0.0	0.0
WBGeneEGAP5	0.0	0.0
WBGeneEGAP7	571.214	546.92
WBGeneEGAP798	0.0	0.0
WBGeneEGAP9	0.0	0.0
WBGeneE_BE45912	0.0	0.0
WBGeneF01D4	0.0	85.5899
WBGeneF01D5	103.388	334.269
WBGeneF01E11	112.909	0.0
WBGeneF01F1	1258.7173	606.8366698131999
WBGeneF01G10	213.6787	154.89679999999998
WBGeneF01G12	567.8904	353.993
WBGeneF01G4	1887.4698047010002	784.6063
WBGeneF02A9	4939.213	1559.0813
WBGeneF02C12	40.6101	65.4804
WBGeneF02C9	0.0	0.0
WBGeneF02D10	0.0	0.0
WBGeneF02D8	0.0	0.0
WBGeneF02E11	0.0	0.0
WBGeneF02E8	288.13963229	203.301
WBGeneF02E9	498.14625	215.552704
WBGeneF02G3	63.922776999999996	120.103
WBGeneF02H6	0.0	0.0
WBGeneF07A11	323.91339999999997	366.13187767
WBGeneF07A5	410.494	200.19425305299998
WBGeneF07B10	0.0	0.0
WBGeneF07B7	15.6858	631.7909999999999
WBGeneF07C3	21.5162	223.0001
WBGeneF07C4	0.0	0.0
WBGeneF07C6	288.318	42.7037
WBGeneF07D10	879.491	211.226
WBGeneF07D3	0.0	0.0
WBGeneF07E5	98.3072	281.206
WBGeneF07F6	0.0	234.359
WBGeneF07G11	0.0	0.0
WBGeneF07G6	0.0	0.0
WBGeneF07H5	1743.494	1246.255
WBGeneF08A10	0.0	0.0
WBGeneF08A7	0.0	0.0
WBGeneF08A8	0.0	107.692
WBGeneF08B1	0.0	0.0
WBGeneF08B12	0.0	1041.1185093977
WBGeneF08B4	97.5405	424.763
WBGeneF08B6	1041.5802	2397.268
WBGeneF08C6	661.459560957	347.1371607
WBGeneF08D12	469.31879999999995	37.3328
WBGeneF08E10	0.0	0.0
WBGeneF08F1	423.2005	412.9946
WBGeneF08F3	73.9698	281.9141
WBGeneF08F8	188.3066	288.0806
WBGeneF08G12	391.8007	315.08389999999997
WBGeneF08G2	144.146	774.5437
WBGeneF08G5	227.8334	179.14
WBGeneF08H9	0.0	0.0
WBGeneF09A5	0.0	0.0
WBGeneF09B12	168.024	494.315
WBGeneF09B9	597.8173	333.283
WBGeneF09C12	0.0	0.0
WBGeneF09C3	23.2151	0.0
WBGeneF09C6	0.0	0.0
WBGeneF09C8	94.4155	59.5155
WBGeneF09D1	0.0	0.0
WBGeneF09D12	0.0	0.0
WBGeneF09E10	42.9609	811.082
WBGeneF09E5	1263.11687007	1533.2123518199999
WBGeneF09E8	0.0	35.469
WBGeneF09F3	0.0	0.0
WBGeneF09F7	1090.6019999999999	2665.5935
WBGeneF09F9	54.418	512.466
WBGeneF09G2	318.4210349166	455.76099999999997
WBGeneF09G8	94.6666	0.0
WBGeneF10A3	0.0	0.0
WBGeneF10B5	1247.2617	1651.4102
WBGeneF10C1	438.02099999999996	296.3497357
WBGeneF10C2	158.7325	133.8235
WBGeneF10C5	51.0945	251.336
WBGeneF10D11	501.7154	282.401
WBGeneF10D2	0.0	0.0
WBGeneF10D7	75.6107	0.0
WBGeneF10E7	1585.1725499999998	2792.0207
WBGeneF10E9	1085.3484	134.125
WBGeneF10F2	305.14024500000005	22.8351
WBGeneF10G2	0.0	0.0
WBGeneF10G7	329.69460000000004	304.128898645
WBGeneF10G8	559.12273	714.7813
WBGeneF11A1	52.0481	49.3402
WBGeneF11A10	951.705553	241.345502
WBGeneF11A3	124.1805	64.362
WBGeneF11A5	0.0	0.0
WBGeneF11A6	139.006	125.2788
WBGeneF11C1	332.2112	306.85040000000004
WBGeneF11C3	203.216	103.26
WBGeneF11C7	69.5975	49.2687
WBGeneF11D11	0.0	0.0
WBGeneF11D5	99.3686	220.64393772800003
WBGeneF11E6	464.353	91.0871
WBGeneF11F1	142.176	0.0
WBGeneF11G11	0.0	336.427
WBGeneF11H8	21.93311	235.3155858909
WBGeneF12A10	0.0	79.3961
WBGeneF12B6	0.0	0.0
WBGeneF12D9	0.0	0.0
WBGeneF12E12	577.2280000000001	437.01
WBGeneF12F3	0.0	0.0
WBGeneF12F6	293.19100000000003	414.1123
WBGeneF13A2	0.0	0.0
WBGeneF13A7	0.0	0.0
WBGeneF13B10	1341.80846	857.4268
WBGeneF13B12	494.4843	403.0464
WBGeneF13B6	0.0	0.0
WBGeneF13B9	223.7281	98.86580000000001
WBGeneF13C5	420.97299999999996	301.0631
WBGeneF13D11	221.16	414.13
WBGeneF13D12	1007.0988	797.4993192000001
WBGeneF13D2	19.496801587540002	0.0
WBGeneF13E6	340.5226	852.3819
WBGeneF13E9	74.6297	214.46949999999998
WBGeneF13G11	286.051	0.0
WBGeneF13G3	295.99266094	448.923315301
WBGeneF13H10	281.858	1187.313472
WBGeneF13H6	324.63159609999997	87.45354866420001
WBGeneF13H8	101.54260000000001	215.8038
WBGeneF14A5	0.0	0.0
WBGeneF14B4	229.6081	135.84830105419
WBGeneF14B6	92.2006	0.0
WBGeneF14B8	334.20210000000003	0.0
WBGeneF14D12	271.81850000000003	99.678074
WBGeneF14D2	261.773	0.0
WBGeneF14D7	0.0	0.0
WBGeneF14E5	26.3694	49.8177
WBGeneF14F11	0.0	401.3
WBGeneF14F3	75.9853	0.0
WBGeneF14F4	62.6446	0.0
WBGeneF14F7	0.0	0.0
WBGeneF14F8	0.0	0.0
WBGeneF14F9	0.0	0.0
WBGeneF14H12	1543.44	907.976
WBGeneF14H3	127.44	487.845
WBGeneF14H8	0.0	183.845
WBGeneF15A2	0.0	28.32799948
WBGeneF15A4	2699.2686000000003	311.181
WBGeneF15A8	0.0	0.0
WBGeneF15B10	259.89	788.3354999999999
WBGeneF15B9	653.6876000000001	485.46607000000006
WBGeneF15C11	173.1477	337.108
WBGeneF15D3	703.05887568	118.040564816
WBGeneF15D4	0.0	744.655
WBGeneF15E11	0.0	334.269
WBGeneF15E6	421.71	168.8974
WBGeneF15G9	7.77316	193.762
WBGeneF15H10	101.674	117.977
WBGeneF15H9	0.0	0.0
WBGeneF16A11	149.64	77.0497
WBGeneF16B12	22.2336	0.0
WBGeneF16B3	0.0	0.0
WBGeneF16B4	114.303	479.8494
WBGeneF16C3	0.0	0.0
WBGeneF16D3	70.2971	163.89010000000002
WBGeneF16F9	81.4315	0.0
WBGeneF16G10	0.0	0.0
WBGeneF16H11	0.0	114.7202
WBGeneF16H6	0.0	0.0
WBGeneF16H9	0.0	0.0
WBGeneF17A2	105.04	0.0
WBGeneF17A9	549.318	240.019
WBGeneF17B5	102.925	0.0
WBGeneF17C11	562.6274	1864.327
WBGeneF17C8	23.4936	296.575
WBGeneF17E5	49.209295069999996	0.0
WBGeneF17E9	0.0	0.0
WBGeneF17H10	82.6009	59.2982
WBGeneF18A1	516.32067357	681.05192696
WBGeneF18A11	83.0219	79.00829999999999
WBGeneF18A12	0.0	0.0
WBGeneF18C12	71.18137	0.0
WBGeneF18C5	219.4244	147.142
WBGeneF18E2	216.6815	257.73720000000003
WBGeneF18E3	0.0	1367.06
WBGeneF18E9	95.3941	186.87469654
WBGeneF18F11	20.890782984	19.726813085200003
WBGeneF18G5	153.999	0.0
WBGeneF18H3	519.2367	421.8729
WBGeneF19B10	162.019	0.0
WBGeneF19B2	0.0	0.0
WBGeneF19B6	567.644	85.7879
WBGeneF19C6	72.602	34.3446
WBGeneF19C7	128.688	246.349
WBGeneF19D8	0.0	0.0
WBGeneF19F10	155.509	365.3721
WBGeneF19G12	0.0	0.0
WBGeneF19H6	121.549438531	257.65070000000003
WBGeneF19H8	167.3484	172.563
WBGeneF20A1	0.0	19.8901
WBGeneF20B10	218.5728	157.342
WBGeneF20B4	0.0	0.0
WBGeneF20B6	275.1785	219.3881
WBGeneF20C5	490.688858280062	480.6508
WBGeneF20D1	157.888	164.17489999999998
WBGeneF20D12	71.47059999999999	82.5296
WBGeneF20D6	120.999	0.0
WBGeneF20E11	0.0	0.0
WBGeneF20G2	0.0	0.0
WBGeneF20G4	49.2436242291	32.4182532012
WBGeneF20H11	15.0615	56.8482
WBGeneF21A10	78.4298	129.8434588986
WBGeneF21A3	0.0	0.0
WBGeneF21A9	0.0	0.0
WBGeneF21C10	621.5267	34.1971
WBGeneF21C3	687.016	329.177
WBGeneF21D12	0.0	0.0
WBGeneF21D5	276.44939999999997	51.5714
WBGeneF21D9	223.46949999999998	0.0
WBGeneF21E9	0.0	341.141
WBGeneF21F3	364.214	145.171
WBGeneF21F8	96.0499	0.0
WBGeneF21G4	0.0	33.066199999999995
WBGeneF21H11	156.1679	10.2384
WBGeneF21H12	44.8027	63.472
WBGeneF21H7	0.0	0.0
WBGeneF22A3	0.0	88.6845
WBGeneF22B3	0.0	0.0
WBGeneF22B5	1306.7966	928.4869
WBGeneF22B7	200.042	94.8989
WBGeneF22B8	0.0	0.0
WBGeneF22D3	651.47365	486.0684714
WBGeneF22D6	1271.2794999999999	286.639
WBGeneF22E10	0.0	0.0
WBGeneF22E12	0.0	0.0
WBGeneF22E5	0.0	211.226
WBGeneF22F1	337.55	161.932
WBGeneF22F4	669.4942	597.6800000000001
WBGeneF22F7	1391.73	174.0187
WBGeneF22G12	0.0	54.518
WBGeneF22H10	0.0	0.0
WBGeneF23A7	2502.94	4983.73
WBGeneF23B12	220.06500999999997	0.0
WBGeneF23B2	194.995	1153.982
WBGeneF23C8	611.4861	323.83299999999997
WBGeneF23D12	0.0	0.0
WBGeneF23F1	406.791	79.9823
WBGeneF23F12	0.0	141.19029999999998
WBGeneF23G4	0.0	0.0
WBGeneF23H11	2037.4165	2452.574
WBGeneF23H12	2529.624	3364.7817
WBGeneF25A2	0.0	0.0
WBGeneF25B3	169.7814	183.0736
WBGeneF25B4	699.6885	101.6115
WBGeneF25B5	610.371739944635	1107.620478303716
WBGeneF25C8	63.8139	0.0
WBGeneF25D1	98.5176	104.468
WBGeneF25D7	216.22729359	205.65120000000002
WBGeneF25E2	90.82245999999999	164.701
WBGeneF25E5	105.16	0.0
WBGeneF25F2	56.178	19.8587
WBGeneF25F6	0.0	0.0
WBGeneF25F8	51.8137	0.0
WBGeneF25G6	111.8846	389.55473900000004
WBGeneF25H2	3378.6093	3062.5823
WBGeneF25H5	509.41769999999997	1346.793049222
WBGeneF25H8	610.935603403	45.0334
WBGeneF25H9	186.4198	0.0
WBGeneF26A1	357.0537	170.48340000000002
WBGeneF26A10	115.102	27.1991
WBGeneF26A3	329.367	138.921
WBGeneF26B1	195.094297	0.0
WBGeneF26C11	0.0	0.0
WBGeneF26D10	1350.491	2085.3022
WBGeneF26D11	98.9478	732.1415218678
WBGeneF26D12	33.23340542142	0.0
WBGeneF26D2	113.457	0.0
WBGeneF26E4	1631.0831	2126.797783
WBGeneF26F12	499.847	277.5463
WBGeneF26F2	0.0	73.04
WBGeneF26F4	525.3103112772	231.6518262131
WBGeneF26G1	42.1734	97.7654
WBGeneF26G5	275.245	173.484
WBGeneF26H11	1873.7554099999998	1142.599
WBGeneF26H9	685.553	233.28050000000002
WBGeneF27B10	0.0	0.0
WBGeneF27B3	0.0	0.0
WBGeneF27C1	0.0	562.42206
WBGeneF27C8	152.981	134.1756
WBGeneF27D4	204.207757792	624.8857
WBGeneF27D9	365.7255	145.7932
WBGeneF27E11	0.0	49.6227
WBGeneF27E5	0.0	0.0
WBGeneF28A10	0.0	171.349
WBGeneF28A12	105.28	0.0
WBGeneF28B1	0.0	0.0
WBGeneF28B12	177.48649999999998	88.473
WBGeneF28B3	490.078	399.1079
WBGeneF28B4	32.549403999999996	57.604699999999994
WBGeneF28C1	199.08327	134.25871999999998
WBGeneF28C10	0.0	0.0
WBGeneF28C12	0.0	0.0
WBGeneF28C6	2251.763	329.177
WBGeneF28D1	2968.0874	2535.1241
WBGeneF28D9	107.816	102.23
WBGeneF28E10	0.0	61.4349
WBGeneF28F5	74.3619	87.0614
WBGeneF28F8	1882.82	65.4804
WBGeneF28F9	95.5572	135.806
WBGeneF28G4	0.0	0.0
WBGeneF28H1	633.1077	575.482
WBGeneF28H6	220.3469	218.5297
WBGeneF28H7	0.0	0.0
WBGeneF29A7	0.0	126.408
WBGeneF29B9	2863.742	1427.7792
WBGeneF29C12	312.1422	213.3282
WBGeneF29C4	282.59315318425996	158.28688
WBGeneF29C6	0.0	0.0
WBGeneF29D10	0.0	27.0126
WBGeneF29D11	44.7538	122.4677
WBGeneF29F11	364.332	59.5018
WBGeneF29G6	14.9312894	39.1012
WBGeneF29G9	297.553	389.80600188347
WBGeneF30A10	280.90891	267.0957
WBGeneF30B5	0.0	0.0
WBGeneF30D4	0.0	0.0
WBGeneF30F8	402.765	292.9406
WBGeneF30H5	281.658	210.5019
WBGeneF31A3	80.33390402667	0.0
WBGeneF31A9	0.0	0.0
WBGeneF31B12	17.298	0.0
WBGeneF31B9	0.0	0.0
WBGeneF31C3	15973.3157	25931.5723
WBGeneF31D4	540.992	782.701
WBGeneF31D5	193.7739369	54.3879924
WBGeneF31E3	2083.5688999999998	3213.646
WBGeneF31E8	62.6838	347.661
WBGeneF31E9	0.0	0.0
WBGeneF31F4	0.0	0.0
WBGeneF31F6	0.0	0.0
WBGeneF31F7	0.0	0.0
WBGeneF32A11	93.4174	0.0
WBGeneF32A5	220.02400000000003	267.246
WBGeneF32A6	147.106	0.0
WBGeneF32A7	268.8259	144.618
WBGeneF32B4	136.736	0.0
WBGeneF32B5	0.0	439.3565
WBGeneF32B6	201.797	307.3599
WBGeneF32D1	337.7087	930.0425139096
WBGeneF32D8	2191.1577215615	1634.23
WBGeneF32E10	715.0404	594.4578
WBGeneF32F2	45.7593	238.1937
WBGeneF32G8	0.0	161.756
WBGeneF32H2	409.97619999999995	580.1039000000001
WBGeneF32H5	0.0	0.0
WBGeneF33A8	2050.557	1963.7628
WBGeneF33C8	98.343	23.2268
WBGeneF33D11	719.0527999999999	643.25951222802
WBGeneF33D4	227.98974	428.76219000000003
WBGeneF33E11	0.0	243.9342
WBGeneF33E2	502.6686613726	170.637766
WBGeneF33G12	89.2118	92.1524
WBGeneF33H1	300.753	658.4055000000001
WBGeneF33H12	0.0	0.0
WBGeneF33H2	228.25879999999998	369.60979999999995
WBGeneF34D10	511.9257	0.0
WBGeneF34D6	0.0	109.483
WBGeneF34H10	0.0	0.0
WBGeneF35A5	53.8871	25.419
WBGeneF35B12	0.0	0.0
WBGeneF35B3	116.19124	36.654
WBGeneF35C11	46.7115	0.0
WBGeneF35C12	0.0	0.0
WBGeneF35C5	0.0	89.4777
WBGeneF35C8	195.6562	576.543
WBGeneF35D11	77.8163	173.83161798
WBGeneF35D2	0.0	233.9008
WBGeneF35D6	0.0	0.0
WBGeneF35E12	0.0	0.0
WBGeneF35E2	0.0	0.0
WBGeneF35E8	0.0	0.0
WBGeneF35F10	73.4972	0.0
WBGeneF35F11	0.0	0.0
WBGeneF35G12	442.3811	1021.30146
WBGeneF35G2	447.3325	359.938
WBGeneF35G8	0.0	0.0
WBGeneF35H10	97.4668	61.1149
WBGeneF35H12	188.67489999999998	54.8687
WBGeneF35H8	169.6134	0.0
WBGeneF36A2	3341.2524883370997	2880.2325
WBGeneF36A4	432.9356	484.39959999999996
WBGeneF36D1	0.0	0.0
WBGeneF36D3	82.0852	0.0
WBGeneF36D4	155.8284	396.45890310291
WBGeneF36F12	0.0	0.0
WBGeneF36F2	195.89190000000002	184.97789999999998
WBGeneF36G3	93.3618	0.0
WBGeneF36G9	0.0	0.0
WBGeneF36H1	1461.645	1374.472298835
WBGeneF36H12	107.998	0.0
WBGeneF36H2	135.689	0.0
WBGeneF36H5	253.2799	39.3319
WBGeneF36H9	406.811	354.254
WBGeneF37A4	30.261	1125.5225
WBGeneF37A8	559.266	0.0
WBGeneF37B1	0.0	0.0
WBGeneF37B12	132.964	0.0
WBGeneF37B4	0.0	220.773
WBGeneF37C12	6800.3833217837	6673.82
WBGeneF37C4	0.0	0.0
WBGeneF37D6	0.0	108.90104900000001
WBGeneF37E3	38.8938	73.6193
WBGeneF37F2	0.0	455.539
WBGeneF37H8	0.0	146.15
WBGeneF38A1	39.3933	0.0
WBGeneF38A3	843.049	230.311
WBGeneF38A5	64.078776	522.286
WBGeneF38A6	235.3202	232.0756
WBGeneF38B2	0.0	0.0
WBGeneF38B6	48.766	144.9649
WBGeneF38B7	284.289890334	40.756000742
WBGeneF38C2	0.0	0.0
WBGeneF38E1	150.85	71.7106
WBGeneF38E11	258.556	161.5711
WBGeneF38E9	386.5253777241	530.628127329
WBGeneF38G1	0.0	85.5339
WBGeneF38H12	0.0	0.0
WBGeneF38H4	722.006305294	282.548334311
WBGeneF39B1	0.0	17.4688
WBGeneF39B2	2224.11598	4454.54989
WBGeneF39B3	0.0	0.0
WBGeneF39C12	134.26482	5.66921
WBGeneF39D8	47.74503	0.0
WBGeneF39E9	0.0	0.0
WBGeneF39F10	0.0	0.0
WBGeneF39G3	211.0892	0.0
WBGeneF39H11	54.3537	603.7937
WBGeneF39H12	59.4277	112.358
WBGeneF39H2	0.0	111.454
WBGeneF40A3	72.742	238.194
WBGeneF40B1	0.0	0.0
WBGeneF40B5	147.466	0.0
WBGeneF40C5	402.208	0.0
WBGeneF40D4	0.0	0.0
WBGeneF40E10	657.3099	584.99179
WBGeneF40E12	0.0	0.0
WBGeneF40E3	0.0	0.0
WBGeneF40F11	2702.337	2259.3369000000002
WBGeneF40F12	42.0577	0.0
WBGeneF40F4	2364.4121606	3449.6659022000003
WBGeneF40F8	1769.73	1634.6044
WBGeneF40F9	626.1030000000001	460.9932
WBGeneF40G12	0.0	80.4276
WBGeneF40G9	154.776	699.62
WBGeneF40H3	0.0	0.0
WBGeneF40H6	0.0	0.0
WBGeneF40H7	0.0	0.0
WBGeneF41A4	0.0	44.0493
WBGeneF41B4	0.0	0.0
WBGeneF41B5	0.0	87.93303999999999
WBGeneF41C3	77.6523	0.0
WBGeneF41C6	174.698	0.0
WBGeneF41D3	0.0	0.0
WBGeneF41D9	179.371193	36.5304
WBGeneF41E6	646.20430175961	544.06800899813
WBGeneF41E7	0.0	0.0
WBGeneF41F3	13320.827200000002	7136.8764
WBGeneF41G3	163.0515	894.0749
WBGeneF41G4	352.834	125.554
WBGeneF41H10	312.78340000000003	0.0
WBGeneF41H8	0.0	0.0
WBGeneF42A10	199.16486	296.352
WBGeneF42A6	1295.32253989	1360.382
WBGeneF42A8	125.017	0.0
WBGeneF42A9	102.295	85.5384
WBGeneF42C5	2863.2585	2522.1346
WBGeneF42D1	0.0	59.4202
WBGeneF42E11	898.0708999999999	529.376
WBGeneF42E8	0.0	0.0
WBGeneF42F12	0.0	0.0
WBGeneF42G10	73.4386	0.0
WBGeneF42G2	43.83468	41.50999
WBGeneF42G4	0.0	0.0
WBGeneF42G8	538.3388	555.0153
WBGeneF42G9	623.00626954	1072.65467449
WBGeneF42H10	995.5899816900001	769.9985899999999
WBGeneF42H11	0.0	43.8266
WBGeneF43A11	0.0	0.0
WBGeneF43B10	147.80880000000002	158.546
WBGeneF43C1	0.0	582.0816
WBGeneF43C11	0.0	113.053
WBGeneF43C9	0.0	116.706
WBGeneF43D2	0.0	0.0
WBGeneF43D9	716.7924	385.373
WBGeneF43E12	0.0	0.0
WBGeneF43E2	326.09319999999997	1247.8659
WBGeneF43G6	143.06	271.4211
WBGeneF43G9	310.153	560.1161682000001
WBGeneF43H9	141.303	0.0
WBGeneF44A2	313.10159999999996	0.0
WBGeneF44A6	742.817	311.371
WBGeneF44B9	342.8129	435.01
WBGeneF44C4	0.0	31.1814188
WBGeneF44C8	94.95962415	0.0
WBGeneF44D12	152.40800783020998	57.63570821701
WBGeneF44E2	1367.0333	365.26599999999996
WBGeneF44E5	3566.2799999999997	947.2984
WBGeneF44E7	126.2733041873	551.619
WBGeneF44F1	191.177	247.0755
WBGeneF44F4	0.0	0.0
WBGeneF44G3	0.0	0.0
WBGeneF44G4	604.134	353.576
WBGeneF45B8	117.065	0.0
WBGeneF45C12	125.528	0.0
WBGeneF45D11	0.0	323.864
WBGeneF45D3	232.9596	84.3273
WBGeneF45E1	206.0206	1374.971
WBGeneF45E10	143.57975	57.0519
WBGeneF45E12	420.73175310199997	152.41269999999997
WBGeneF45E4	883.7384	1063.7827
WBGeneF45E6	0.0	41.7976
WBGeneF45F2	1146.5682	51.0952
WBGeneF45G2	278.5162	847.693
WBGeneF45H10	167.321	0.0
WBGeneF45H11	122.847	2749.4080000000004
WBGeneF45H7	44.846297279400005	84.712
WBGeneF46A8	0.0	0.0
WBGeneF46A9	450.556	2012.616
WBGeneF46B3	0.0	0.0
WBGeneF46B6	416.0352666	174.0491
WBGeneF46C3	24.074765346	58.9689
WBGeneF46C5	256.2129	448.6586
WBGeneF46C8	431.932	617.833
WBGeneF46E10	458.65590353179	2163.6867087833202
WBGeneF46F11	2464.4496	1800.68848
WBGeneF46F2	260.3102	61.7925
WBGeneF46F3	41.4329	124.2338
WBGeneF46F5	0.0	0.0
WBGeneF46F6	180.804789	91.15729999999999
WBGeneF46G10	616.0092999999999	127.524
WBGeneF46G11	262.666	33.392
WBGeneF46H5	477.20849999999996	680.1141
WBGeneF46H6	327.431	0.0
WBGeneF47A4	302.942949	63.46417
WBGeneF47B10	248.3611	106.10390000000001
WBGeneF47B3	0.0	0.0
WBGeneF47B7	1834.7	683.2715000000001
WBGeneF47B8	135.910304875	0.0
WBGeneF47C10	0.0	0.0
WBGeneF47C12	52.4217	16.4754
WBGeneF47D12	434.9077	416.036
WBGeneF47D2	0.0	0.0
WBGeneF47E1	0.0	41.7574
WBGeneF47F2	0.0	0.0
WBGeneF47F6	132.5812	126.964
WBGeneF47G3	0.0	0.0
WBGeneF47G4	108.9519	308.053
WBGeneF47G6	75.3014	0.0
WBGeneF47G9	38.8774	79.0224
WBGeneF47H4	0.0	285.254
WBGeneF48A11	115.79709999999999	692.4894616101999
WBGeneF48A9	92.0163	0.0
WBGeneF48B9	0.0	0.0
WBGeneF48C1	0.0	0.0
WBGeneF48C11	0.0	0.0
WBGeneF48C5	0.0	0.0
WBGeneF48D6	0.0	324.757
WBGeneF48E3	99.3091	67.83680000000001
WBGeneF48E8	232.92010000000002	318.9083
WBGeneF48F5	0.0	0.0
WBGeneF48F7	307.3696	289.1246
WBGeneF48G7	0.0	0.0
WBGeneF49A5	0.0	0.0
WBGeneF49B2	136.312	271.065
WBGeneF49C12	3146.7902999999997	2986.194
WBGeneF49C5	0.0	0.0
WBGeneF49D11	389.8666	0.0
WBGeneF49E10	42.7414	82.7177
WBGeneF49E11	513.7637	453.75291463099995
WBGeneF49E12	49.2884	46.7079
WBGeneF49E2	124.77772	68.86189999999999
WBGeneF49E7	30.7155	0.0
WBGeneF49E8	409.466	86.3574
WBGeneF49F1	0.0	0.0
WBGeneF49H12	542.038	649.08
WBGeneF49H6	0.0	0.0
WBGeneF52A8	1369.8478	2320.766
WBGeneF52B10	263.24649999999997	185.5756
WBGeneF52B11	766.477	523.0029999999999
WBGeneF52B5	506.179994117	1068.756243637
WBGeneF52C12	100.673	80.5023
WBGeneF52C6	0.0	0.0
WBGeneF52C9	267.9771	408.023959
WBGeneF52D1	265.1622	0.0
WBGeneF52D10	1150.823	663.603
WBGeneF52D2	0.0	76.7056
WBGeneF52E1	286.3846	163.3467
WBGeneF52E10	159.9007	151.43
WBGeneF52E4	711.8312000000001	562.587
WBGeneF52F10	0.0	0.0
WBGeneF52F12	181.851	145.21
WBGeneF52G2	62.4287	76.541123
WBGeneF52G3	252.745	211.7344
WBGeneF52H2	267.78654078	162.7081
WBGeneF52H3	486.337322	195.276185
WBGeneF53A10	90.0357	0.0
WBGeneF53A2	159.4686	559.3970999999999
WBGeneF53A3	159.542	611.6788215022
WBGeneF53A9	1746.446	73.1633
WBGeneF53B1	413.376	157.351
WBGeneF53B2	134.531	0.0
WBGeneF53B3	681.617	504.059
WBGeneF53B6	45.0426	867.898
WBGeneF53B7	0.0	0.0
WBGeneF53C11	339.35569999999996	608.5697290100001
WBGeneF53C3	0.0	190.772
WBGeneF53E10	369.201	245.713
WBGeneF53E2	525.358	1151.7240000000002
WBGeneF53E4	0.0	0.0
WBGeneF53F1	2694.33	1389.4720000000002
WBGeneF53F10	1727.2503	623.8914
WBGeneF53F4	229.514	709.8199999999999
WBGeneF53F8	0.0	531.379
WBGeneF53G12	3965.397	2307.003
WBGeneF53G2	447.298	31.148
WBGeneF53H1	338.5609	501.283
WBGeneF53H10	0.0	61.2683
WBGeneF53H2	105.642	0.0
WBGeneF53H4	137.3681	0.0
WBGeneF53H8	83.9573	79.9085
WBGeneF54A3	189.7968	523.532
WBGeneF54A5	0.0	64.4578
WBGeneF54B11	204.6808	211.30419999999998
WBGeneF54B3	260.0004	57.51016
WBGeneF54B8	0.0	0.0
WBGeneF54C1	2054.509	1379.8592
WBGeneF54C4	257.832	892.4526
WBGeneF54C8	390.47929999999997	875.0836999999999
WBGeneF54C9	903.0834	924.6139000000001
WBGeneF54D1	63.641	40.0653
WBGeneF54D10	0.0	508.325
WBGeneF54D11	95.7103125429	63.7676864477
WBGeneF54D12	0.0	0.0
WBGeneF54D5	1376.23451645	1371.7771246
WBGeneF54D7	2863.909	13085.689999999999
WBGeneF54D8	4191.5309356	5526.75
WBGeneF54E12	1172.81	533.573
WBGeneF54E2	307.2121148393	19.9104
WBGeneF54E4	245.01073599999998	84.2049286
WBGeneF54E7	1447.89092584	1105.2010977865
WBGeneF54F11	100.596	128.259
WBGeneF54F12	0.0	0.0
WBGeneF54F2	576.3883000000001	288.5402
WBGeneF54F3	74.5942	416.0005
WBGeneF54F7	0.0	149.389
WBGeneF54G2	58.6326	23.320254000000002
WBGeneF54G8	152.77530000000002	135.1447
WBGeneF54H12	616.9459999999999	96.0558
WBGeneF54H5	0.0	0.0
WBGeneF55A11	676.6868999999999	302.8138
WBGeneF55A12	353.38300000000004	251.1228
WBGeneF55A3	103.0878	123.7401
WBGeneF55A4	369.491	214.2432
WBGeneF55A8	214.4725	338.58000000000004
WBGeneF55B11	0.0	22.6501
WBGeneF55B12	124.509	127.89079
WBGeneF55C10	0.0	0.0
WBGeneF55C12	212.49360189772003	0.0
WBGeneF55C5	816.4608	134.125
WBGeneF55C7	83.580799	33.4931
WBGeneF55C9	163.749	271.544
WBGeneF55D1	0.0	0.0
WBGeneF55D10	934.1583	156.2727
WBGeneF55D12	0.0	39.2962
WBGeneF55E10	0.0	0.0
WBGeneF55F1	0.0	0.0
WBGeneF55F10	14.39600528158	0.0
WBGeneF55F3	118.1170193858	0.0
WBGeneF55F8	239.21434332957	388.25310350714994
WBGeneF55G1	0.0	2178.9471
WBGeneF55G11	0.0	0.0
WBGeneF55G7	93.8939	0.0
WBGeneF55H12	20.5141	9.67278
WBGeneF55H2	339.952	599.7664
WBGeneF56A11	113.7429	23.4657
WBGeneF56A12	0.0	0.0
WBGeneF56A3	124.30473699999999	209.7591
WBGeneF56A4	0.0	0.0
WBGeneF56A6	0.0	48.9804579
WBGeneF56A8	647.112	819.479226291
WBGeneF56B3	521.1578000000001	497.78970000000004
WBGeneF56B6	105.16	80.9789
WBGeneF56C11	88.3681636569	739.1168
WBGeneF56C3	0.0	0.0
WBGeneF56C4	0.0	0.0
WBGeneF56C9	898.569426441	682.589553417
WBGeneF56D1	865.6433000000001	200.4807
WBGeneF56D12	681.1321182066	324.28337505720003
WBGeneF56D2	457.44079999999997	494.03312500000004
WBGeneF56D3	0.0	0.0
WBGeneF56D5	509.968	288.134
WBGeneF56D6	0.0	0.0
WBGeneF56E10	1836.34301	1568.24595
WBGeneF56E3	77.7403	18.580962279999998
WBGeneF56F10	0.0	48.5753
WBGeneF56F11	0.0	89.2933
WBGeneF56F3	1067.1091000000001	540.3091
WBGeneF56F4	0.0	0.0
WBGeneF56G4	317.5652	264.595
WBGeneF56H1	334.5668	265.9693
WBGeneF56H11	255.744	505.9933113204
WBGeneF56H6	0.0	0.0
WBGeneF56H9	90.9967	1006.5534
WBGeneF57A10	0.0	0.0
WBGeneF57A8	220.527	297.621
WBGeneF57B1	0.0	0.0
WBGeneF57B10	2297.7887	3901.5357
WBGeneF57B7	0.0	194.7226
WBGeneF57B9	542.3595	1167.92614
WBGeneF57C12	155.037	57.97978
WBGeneF57C2	175.492	168.504
WBGeneF57C7	213.24640165	487.0538609
WBGeneF57C9	0.0	155.02060815137
WBGeneF57E7	0.0	0.0
WBGeneF57F10	0.0	0.0
WBGeneF57F4	162.1262	127.1242
WBGeneF57F5	126.929	64.7388
WBGeneF57G12	571.789	48.1346
WBGeneF57G4	0.0	0.0
WBGeneF57G8	0.0	0.0
WBGeneF57G9	0.0	0.0
WBGeneF57H12	787.0031	645.9376
WBGeneF58A3	377.656220195	130.229
WBGeneF58A4	1748.875	1467.7645
WBGeneF58A6	0.0	0.0
WBGeneF58B3	1598.7742	2446.0550000000003
WBGeneF58B4	0.0	0.0
WBGeneF58B6	53.4695	37.3328
WBGeneF58D12	0.0	0.0
WBGeneF58D2	0.0	0.0
WBGeneF58D5	344.1352	1093.459
WBGeneF58D7	0.0	0.0
WBGeneF58E1	0.0	282.9191
WBGeneF58E10	291.7664	757.606
WBGeneF58E2	0.0	0.0
WBGeneF58E6	247.8025	0.0
WBGeneF58F12	245.556	1073.121
WBGeneF58F6	456.648	111.885
WBGeneF58F9	0.0	150.331
WBGeneF58G1	438.001	391.809
WBGeneF58G11	63.333295017	206.7726365
WBGeneF58G4	30.7829	29.0481
WBGeneF58G6	0.0	123.2664
WBGeneF58H1	210.1094	966.826
WBGeneF58H10	0.0	0.0
WBGeneF58H12	0.0	28.135
WBGeneF58H7	61.3058	19.9771
WBGeneF59A1	0.0	0.0
WBGeneF59A2	540.825	84.830458136
WBGeneF59A3	510.9842	868.8976
WBGeneF59A6	349.4431	317.638
WBGeneF59A7	0.0	0.0
WBGeneF59B1	0.0	0.0
WBGeneF59B10	27.5769	0.0
WBGeneF59B2	325.4948	308.67629999999997
WBGeneF59B8	249.369	79.1063
WBGeneF59C12	103.99635701	4126.179700000001
WBGeneF59C6	1271.4009999999998	143.285
WBGeneF59D12	253.753	414.764
WBGeneF59D6	0.0	0.0
WBGeneF59D8	0.0	0.0
WBGeneF59E10	0.0	194.531
WBGeneF59E11	80.8591	0.0
WBGeneF59E12	1235.4833322	226.0222336
WBGeneF59F3	47.1196	120.4282
WBGeneF59F4	0.0	1450.8054
WBGeneF59F5	69.3207	49.448170493
WBGeneF59G1	76.558	92.29910000000001
WBGeneF59H5	0.0	0.0
WBGeneF59H6	0.0	0.0
WBGeneH01A20	0.0	122.45
WBGeneH01G02	0.0	0.0
WBGeneH01M10	118.117	119.605
WBGeneH02F09	0.0	0.0
WBGeneH02I12	1828.163	627.465
WBGeneH02K04	0.0	0.0
WBGeneH03A11	0.0	0.0
WBGeneH03E18	0.0	25.5702
WBGeneH03G16	0.0	0.0
WBGeneH04D03	0.0	0.0
WBGeneH04J21	56.4911	0.0
WBGeneH04M03	135.124	128.343
WBGeneH05B21	0.0	0.0
WBGeneH05C05	239.5613	114.4754
WBGeneH05G16	29.5327	44.6813806962
WBGeneH05L03	0.0	297.946
WBGeneH05L14	0.0	0.0
WBGeneH06A10	0.0	0.0
WBGeneH06H21	536.7995	75.3907
WBGeneH06I04	491.98876169999994	1276.8236000000002
WBGeneH06O01	441.6543	361.39390000000003
WBGeneH08J19	0.0	0.0
WBGeneH08M01	24.1788	68.0509
WBGeneH09F14	0.0	0.0
WBGeneH09G03	0.0	0.0
WBGeneH10D12	0.0	0.0
WBGeneH10D18	0.0	0.0
WBGeneH10E21	219.33190000000002	0.0
WBGeneH11E01	57.5636	63.89310841354
WBGeneH11L12	0.0	0.0
WBGeneH12C20	0.0	141.678
WBGeneH12D21	0.0	0.0
WBGeneH12I13	0.0	0.0
WBGeneH12I19	0.0	0.0
WBGeneH13N06	73.38	207.4412
WBGeneH14A12	67.5618	128.343
WBGeneH14E04	385.02700000000004	65.6291
WBGeneH14N18	112.426	298.304
WBGeneH15N14	140.85	106.99940000000001
WBGeneH16D19	0.0	0.0
WBGeneH16O14	0.0	32.225
WBGeneH17B01	137.9156	133.688
WBGeneH18N23	0.0	0.0
WBGeneH19J13	0.0	0.0
WBGeneH19M22	93.32265	355.7079
WBGeneH19N07	321.92908	407.68349
WBGeneH20E11	0.0	0.0
WBGeneH20J04	159.3293	160.6116
WBGeneH20J18	205.607	247.74594766232
WBGeneH21P03	265.092	89.7557
WBGeneH22D07	0.0	0.0
WBGeneH22D14	0.0	0.0
WBGeneH22K11	160.73	306.9826
WBGeneH23L24	0.0	0.0
WBGeneH23N18	0.0	0.0
WBGeneH24D24	0.0	0.0
WBGeneH24G06	107.942	102.351
WBGeneH24K24	88.9042429	518.398925
WBGeneH24O09	0.0	0.0
WBGeneH25K10	0.0	0.0
WBGeneH25P06	0.0	84.3407
WBGeneH25P19	0.0	0.0
WBGeneH26D21	39.5966	37.4781
WBGeneH27A22	102.125	97.423
WBGeneH27C11	113.746	0.0
WBGeneH27D07	0.0	0.0
WBGeneH27M09	5595.2057	3960.6395
WBGeneH28G03	404.9928	105.9844
WBGeneH28O16	429.502	426.3653
WBGeneH29C22	0.0	0.0
WBGeneH30A04	31.249602511	41.0649
WBGeneH31B20	0.0	0.0
WBGeneH31G24	90.4783	0.0
WBGeneH32C10	260.626	139.818
WBGeneH32K16	0.0	0.0
WBGeneH32K21	0.0	0.0
WBGeneH34C03	28.3674	53.6241
WBGeneH34I24	70.1899	0.0
WBGeneH34P18	0.0	0.0
WBGeneH35B03	113.457	97.423
WBGeneH35N03	0.0	0.0
WBGeneH35N09	0.0	0.0
WBGeneH36L18	0.0	0.0
WBGeneH37A05	33.5118	63.3894
WBGeneH37N21	102.648	48.4937
WBGeneH38K22	175.8557	119.09689999999999
WBGeneH39E20	0.0	0.0
WBGeneH39E23	213.2815	59.5018
WBGeneH40L08	157.4778	58.1056
WBGeneH41C03	82.7494	0.0
WBGeneH42K12	133.5978	156.1678026
WBGeneH43E16	0.0	0.0
WBGeneH43I07	0.0	94.6567
WBGeneJC8	1664.4627	476.388
WBGeneK01A11	0.0	190.074
WBGeneK01A12	0.0	0.0
WBGeneK01A2	339.68600000000004	609.622
WBGeneK01A6	37.884919599999996	54.6727
WBGeneK01B6	0.0	0.0
WBGeneK01C8	493.1639	462.7913
WBGeneK01D12	596.3457	449.281
WBGeneK01F9	0.0	0.0
WBGeneK01G12	0.0	0.0
WBGeneK01G5	1189.7485	1825.9406999999999
WBGeneK01H12	0.0	0.0
WBGeneK02A11	145.6816	138.04039999999998
WBGeneK02A2	0.0	29.7068
WBGeneK02A4	287.89	0.0
WBGeneK02A6	63.8582	0.0
WBGeneK02B12	514.7161803	409.4417
WBGeneK02B2	780.9150999999999	2708.371
WBGeneK02B7	1061.75	418.5
WBGeneK02B9	388.252	0.0
WBGeneK02C4	127.90902	181.222524
WBGeneK02D10	0.0	107.314
WBGeneK02D3	0.0	152.937
WBGeneK02D7	180.5189	0.0
WBGeneK02E10	311.3823	46.2099118878
WBGeneK02E11	0.0	0.0
WBGeneK02E2	0.0	0.0
WBGeneK02E7	130.144	635.941
WBGeneK02F2	150.973	335.49685
WBGeneK02F3	638.03219	611.5982799999999
WBGeneK02F6	0.0	0.0
WBGeneK02G10	78.8499	455.5263
WBGeneK02H11	0.0	0.0
WBGeneK02H8	170.6529	0.0
WBGeneK03A1	0.0	1233.14
WBGeneK03A11	0.0	120.8302
WBGeneK03B4	2744.482	2514.5280000000002
WBGeneK03B8	83.8044	0.0
WBGeneK03C7	73.2632	69.6365
WBGeneK03D10	92.0679	106.22724000000001
WBGeneK03D3	0.0	0.0
WBGeneK03D7	0.0	0.0
WBGeneK03E5	0.0	0.0
WBGeneK03E6	712.7450247286	82.4944
WBGeneK03F8	0.0	0.0
WBGeneK03H1	160.5238	297.0393
WBGeneK03H6	0.0	0.0
WBGeneK03H9	0.0	0.0
WBGeneK04A8	167.194	203.143
WBGeneK04B12	156.06046314	61.442
WBGeneK04C1	0.0	198.76670000000001
WBGeneK04C2	452.12669999999997	30.9588
WBGeneK04D7	285.301603851	609.80630645
WBGeneK04E7	37.136	70.2765
WBGeneK04F1	0.0	0.0
WBGeneK04F10	391.3267908	219.3734
WBGeneK04G11	53.4074	58.3011
WBGeneK04G2	425.11303	596.049
WBGeneK04G7	383.8983	458.7024
WBGeneK04H4	562.918	874.755100309465
WBGeneK04H8	0.0	0.0
WBGeneK05B2	76.6856	125.5868
WBGeneK05C4	124.006	350.95770000000005
WBGeneK05D4	0.0	0.0
WBGeneK05F1	256.2846	240.1516
WBGeneK05F6	0.0	0.0
WBGeneK05G3	0.0	0.0
WBGeneK06A1	58.7989	110.5862
WBGeneK06A4	0.0	0.0
WBGeneK06A5	141.34460126556002	111.25999999999999
WBGeneK06A9	62.0073	25.1546
WBGeneK06B4	109.541	0.0
WBGeneK06B9	0.0	0.0
WBGeneK06C4	0.0	1233.136
WBGeneK06G5	72.4916	68.8961
WBGeneK06H6	0.0	0.0
WBGeneK06H7	0.0	274.147
WBGeneK07A1	555.075	864.8181
WBGeneK07A12	511.91429999999997	693.9024
WBGeneK07A3	0.0	97.6425
WBGeneK07A9	129.15	0.0
WBGeneK07B1	1131.53376825114	686.9390215447
WBGeneK07C10	0.0	0.0
WBGeneK07C11	95.9058	106.523
WBGeneK07C5	543.677713	370.6364
WBGeneK07C6	0.0	0.0
WBGeneK07D4	327.1848	489.4785
WBGeneK07D8	71.504	26.986
WBGeneK07E1	205.24	0.0
WBGeneK07E12	4.67463	2.20201
WBGeneK07E3	191.0294	180.8965
WBGeneK07E8	0.0	0.0
WBGeneK07F5	754.7926	51.2058
WBGeneK07G5	81.3811	0.0
WBGeneK07G6	0.0	0.0
WBGeneK07H8	193.65	736.101
WBGeneK08A2	242.364	119.11480000000002
WBGeneK08A8	105.5817	344.5798
WBGeneK08B12	370.12552758	406.2505
WBGeneK08B4	151.965	0.0
WBGeneK08B5	0.0	131.496
WBGeneK08C7	185.629941	24.1550732
WBGeneK08C9	271.019	503.212
WBGeneK08D10	640.129	617.4269999999999
WBGeneK08D12	568.332	1600.127
WBGeneK08D8	0.0	0.0
WBGeneK08D9	0.0	0.0
WBGeneK08E3	238.24726	611.203
WBGeneK08E4	52.4056	419.78540000000004
WBGeneK08E5	18.5987	84.6461
WBGeneK08E7	249.45499999999998	379.75329999999997
WBGeneK08F11	104.569	0.0
WBGeneK08F4	373.2185	145.3789
WBGeneK08F8	520.0807	746.405
WBGeneK08F9	57.3694	288.086
WBGeneK08G2	0.0	0.0
WBGeneK08H10	99.1747	94.0072
WBGeneK08H2	0.0	1283.644
WBGeneK09A11	52.7643	0.0
WBGeneK09A9	710.2424	231.3627
WBGeneK09B11	167.652	0.0
WBGeneK09B3	0.0	0.0
WBGeneK09C4	30.4513	0.0
WBGeneK09C6	0.0	0.0
WBGeneK09C8	0.0	0.0
WBGeneK09D9	0.0	0.0
WBGeneK09E10	0.0	0.0
WBGeneK09E2	0.0	26.08580205993
WBGeneK09E3	0.0	94.8639
WBGeneK09E4	377.94	61.0096
WBGeneK09E9	0.0	62.0130028
WBGeneK09F5	57.515	27.182
WBGeneK09F6	0.0	0.0
WBGeneK09G1	228.55814030599998	433.335
WBGeneK09H11	101.422	262.5933
WBGeneK09H9	0.0	57.299
WBGeneK10B2	214.86810000000003	163.2679
WBGeneK10B3	493.1112	398.480914611
WBGeneK10B4	39.1253	37.0298
WBGeneK10C2	189.558	266.9184
WBGeneK10C3	510.072175829	667.3727
WBGeneK10C8	0.0	71.6513
WBGeneK10C9	0.0	0.0
WBGeneK10D11	0.0	0.0
WBGeneK10D2	46.5462	0.0
WBGeneK10D3	91.1126	221.4852
WBGeneK10D6	226.7618	353.45
WBGeneK10F12	30.7053	0.0
WBGeneK10G4	0.0	0.0
WBGeneK10G6	67.50407	58.7699
WBGeneK10G9	162.7843	0.0
WBGeneK10H10	181.2794	172.8167
WBGeneK11B4	0.0	0.0
WBGeneK11C4	188.29644909471	192.720096643817
WBGeneK11D12	506.38530000000003	590.2891
WBGeneK11D2	181.597	50.5193
WBGeneK11D9	333.018	157.367
WBGeneK11E4	88.8192	110.5035
WBGeneK11E8	268.53700000000003	301.520500607817
WBGeneK11G12	0.0	156.7649
WBGeneK11G9	405.65290000000005	161.605
WBGeneK11H12	2097.253	1525.081781214
WBGeneK11H3	0.0	248.6141
WBGeneK12B6	0.0	0.0
WBGeneK12C11	3150.9471	2378.1490000000003
WBGeneK12D12	81.0793	212.7102
WBGeneK12D9	0.0	0.0
WBGeneK12F2	266.597	60.0274
WBGeneK12G11	92.5716	0.0
WBGeneK12H4	138.953	1472.6331
WBGeneK12H6	0.0	30.0362
WBGeneLLC1	48.4834	173.851
WBGeneM01A10	268.646	416.694950793
WBGeneM01A12	0.0	0.0
WBGeneM01A8	34.5822	32.7114
WBGeneM01B12	225.65333541	68.373
WBGeneM01B2	0.0	0.0
WBGeneM01D1	126.044	0.0
WBGeneM01D7	887.7130000000001	488.473
WBGeneM01E10	61.2063	0.0
WBGeneM01E11	665.2262000000001	208.3211
WBGeneM01E5	414.382017024	583.97503921
WBGeneM01F1	1621.0287999999998	1881.8184
WBGeneM01G12	43.7367	41.4181
WBGeneM01G4	0.0	0.0
WBGeneM01G5	728.816	659.352
WBGeneM01H9	0.0	140.726
WBGeneM02A10	0.0	48.1613
WBGeneM02B1	523.3016	0.0
WBGeneM02B7	234.5396132	95.7904
WBGeneM02D8	292.302	0.0
WBGeneM02E1	40.1319	75.9746
WBGeneM02F4	496.685	0.0
WBGeneM02G9	95.6917	30.1616
WBGeneM02H5	0.0	0.0
WBGeneM03A1	1968.8202	3191.9611
WBGeneM03A8	235.1151102566	88.9837233939
WBGeneM03B6	206.5095	101.631
WBGeneM03C11	84.0654	65.9876
WBGeneM03D4	235.23446	272.008
WBGeneM03E7	0.0	58.9754
WBGeneM03F4	2584.2322	2418.6715
WBGeneM03F8	335.23971	186.2771
WBGeneM04B2	1119.691	547.887
WBGeneM04C3	58.932962513	76.8081
WBGeneM04C7	0.0	0.0
WBGeneM04C9	0.0	59.3388
WBGeneM04D5	0.0	0.0
WBGeneM04D8	0.0	0.0
WBGeneM04F3	281.309	269.213
WBGeneM04G12	90.7067	251.4077
WBGeneM04G7	0.0	0.0
WBGeneM05B5	560.3013	430.6114
WBGeneM05D6	324.8454	60.4563
WBGeneM106	297.152416	571.8127
WBGeneM110	456.08000000000004	200.402490412399
WBGeneM116	136.7174	0.0
WBGeneM117	583.101	1513.2851
WBGeneM142	284.443888505	159.781996404
WBGeneM151	60.6193	0.0
WBGeneM153	0.0	179.661
WBGeneM162	0.0	0.0
WBGeneM163	455.142	1619.2487
WBGeneM176	442.221	355.66700000000003
WBGeneM18	390.90790000000004	892.1657
WBGeneM195	130.144	101.176
WBGeneM199	0.0	0.0
WBGeneM28	457.82059999999996	2296.1693
WBGeneM4	0.0	37.825239999999994
WBGeneM57	52.553421968	106.632
WBGeneM6	55.3674	0.0
WBGeneM60	395.66679999999997	573.86
WBGeneM7	553.448	711.8442
WBGeneM70	88.0173	0.0
WBGeneM79	49.99962961877	118.0961777017
WBGeneM88	296.5482	46.383
WBGeneMTCE	40352.964	40297.71
WBGenePAR2	39.6649245475	565.346
WBGenePDB1	0.0	0.0
WBGeneR01B10	312.04	128.916
WBGeneR01E6	0.0	77.3416
WBGeneR01H10	202.693350051	0.0
WBGeneR01H2	1381.7579999999998	775.582
WBGeneR02C2	0.0	0.0
WBGeneR02D1	0.0	0.0
WBGeneR02D3	177.0250194484	145.589
WBGeneR02D5	112.762	0.0
WBGeneR02E12	0.0	193.422
WBGeneR02E4	102.125	697.907
WBGeneR02F11	561.7103999999999	326.918
WBGeneR02F2	394.1719	578.88
WBGeneR03A10	0.0	1149.47
WBGeneR03C1	84.034	0.0
WBGeneR03D7	255.788	96.8785
WBGeneR03E1	534.423	219.8476
WBGeneR03E9	257.0013	146.6802
WBGeneR03G5	1133.91216	910.038
WBGeneR03G8	0.0	0.0
WBGeneR03H10	93.7027	82.026
WBGeneR03H4	0.0	0.0
WBGeneR04A9	29.4476	139.184
WBGeneR04B3	0.0	0.0
WBGeneR04B5	78.6478	74.8051
WBGeneR04D3	0.0	0.0
WBGeneR04E5	188.1891	108.433
WBGeneR04F11	631.2475	339.2292
WBGeneR05A10	0.0	0.0
WBGeneR05C11	99.9993	23.6192
WBGeneR05D11	613.0287	631.7106
WBGeneR05D3	402.7679	167.0626
WBGeneR05D7	422.608	92.8319
WBGeneR05D8	147.106	0.0
WBGeneR05F9	383.5705	86.9639
WBGeneR05G6	565.8929	374.851
WBGeneR05G9	0.0	193.59872664979997
WBGeneR05G9R	177.994	33.6774
WBGeneR05H10	0.0	49.3683
WBGeneR05H11	0.0	0.0
WBGeneR05H5	1611.32	1087.897
WBGeneR06A10	210.145	68.2116
WBGeneR06A4	106.330723	253.35181
WBGeneR06B10	41.981	0.0
WBGeneR06B9	1121.61	57.3369
WBGeneR06C1	3201.2597	1250.9164999999998
WBGeneR06C7	159.6542	91.779
WBGeneR06F6	583.18966	475.963455
WBGeneR07A4	146.871	55.6437
WBGeneR07B1	36.6625	0.0
WBGeneR07B5	26.702373467230004	101.631
WBGeneR07B7	379.0362	284.86268281369996
WBGeneR07C12	0.0	0.0
WBGeneR07C3	143.025	221.484
WBGeneR07D5	0.0	38.054
WBGeneR07E3	118.269	604.9808
WBGeneR07E4	209.377	49.6227
WBGeneR07E5	1043.9008576	2081.3387041
WBGeneR07G3	708.77874	538.0375
WBGeneR07H5	425.84799999999996	503.7658
WBGeneR08A2	0.0	0.0
WBGeneR08B4	27.0182	0.0
WBGeneR08C7	2685.39	1890.3836999999999
WBGeneR08D7	205.09927	170.01139999999998
WBGeneR08E3	236.17	47.4754
WBGeneR08E5	284.642	0.0
WBGeneR08F11	0.0	0.0
WBGeneR08H2	0.0	0.0
WBGeneR09A1	27.5686	760.4239929999999
WBGeneR09A8	499.20120000000003	359.30400000000003
WBGeneR09B3	3356.779	6906.12
WBGeneR09B5	0.0	0.0
WBGeneR09D1	0.0	79.2509
WBGeneR09E10	204.4318	147.9475
WBGeneR09E12	0.0	0.0
WBGeneR09F10	66.3442	269.6806
WBGeneR09G11	139.753935	0.0
WBGeneR09H10	19.7267	70.2604
WBGeneR09H3	0.0	0.0
WBGeneR102	91.28608372	0.0
WBGeneR105	0.0	0.0
WBGeneR106	0.0	0.0
WBGeneR107	343.200583786773	133.11157687899998
WBGeneR10A10	0.0	0.0
WBGeneR10D12	90.4483	0.0
WBGeneR10E11	1307.7166	2162.556362011
WBGeneR10E12	85.0435	72.45
WBGeneR10E4	450.1106435	1586.0458999999998
WBGeneR10E8	0.0	35.9844
WBGeneR10E9	48.457882203000004	0.0
WBGeneR10F2	43.3523	20.4429
WBGeneR10H1	0.0	321.368
WBGeneR10H10	0.0	0.0
WBGeneR11	0.0	0.0
WBGeneR119	204.4149	310.16659999999996
WBGeneR11A5	528.9295618	370.84319999999997
WBGeneR11A8	252.17548	356.54364
WBGeneR11B5	88.4827	41.8987
WBGeneR11D1	1168.7	1676.39
WBGeneR11E3	164.333	399.2971
WBGeneR11F4	0.0	0.0
WBGeneR11G1	1006.3215999999999	111.45364
WBGeneR11G10	117.065	0.0
WBGeneR11G11	0.0	84.5051
WBGeneR11H6	161.9869	71.474
WBGeneR12A1	0.0	0.0
WBGeneR12B2	251.9653501498	102.130583779
WBGeneR12C12	435.3859	546.5058
WBGeneR12E2	788.5901	1883.91046
WBGeneR12G8	0.0	0.0
WBGeneR12H7	241.516	692.46
WBGeneR13	150.610849	197.265
WBGeneR134	0.0	0.0
WBGeneR13A1	32.9715	31.1816
WBGeneR13A5	1111.58143802	1552.33461599517
WBGeneR13D11	0.0	89.2933
WBGeneR13D7	0.0	0.0
WBGeneR13F6	125.29700032224	38.4422067128
WBGeneR13G10	76.51	109.8026
WBGeneR13H4	128.5764	0.0
WBGeneR13H7	0.0	0.0
WBGeneR13H8	77.268100374444	54.455
WBGeneR13H9	0.0	0.0
WBGeneR144	1069.5280381999999	570.2679
WBGeneR148	58.0043	839.1171
WBGeneR151	3223.81193	3167.0237799999995
WBGeneR153	0.0	0.0
WBGeneR155	0.0	75.7862
WBGeneR160	96.22174516499999	157.431
WBGeneR166	558.189479002	363.9814
WBGeneR17	53.4074	0.0
WBGeneR173	0.0	0.0
WBGeneR186	88.3078	336.381
WBGeneR193	0.0	31.0235
WBGeneR31	261.015944	95.0255
WBGeneR52	103.04	98.307
WBGeneR53	914.3385999999999	499.071
WBGeneR57	127.805	252.4239
WBGeneR74	834.8219	781.25
WBGeneR90	80.7569	38.2218
WBGeneSSSD1	0.0	0.0
WBGeneT01A4	45.22100170388	0.0
WBGeneT01B10	0.0	0.0
WBGeneT01B11	153.491	0.0
WBGeneT01B4	0.0	0.0
WBGeneT01B6	0.0	109.621
WBGeneT01B7	145.089	227.41789999999997
WBGeneT01C1	0.0	0.0
WBGeneT01C2	0.0	0.0
WBGeneT01C3	1349.661	1652.5819999999999
WBGeneT01C4	0.0	0.0
WBGeneT01C8	308.6465	79.4689
WBGeneT01D1	143.709	183.845
WBGeneT01D3	310.11179000000004	59.803
WBGeneT01E8	134.8476	463.6873
WBGeneT01G1	187.91821000000002	374.4673
WBGeneT01G5	78.9853	0.0
WBGeneT01G6	101.45	0.0
WBGeneT01G9	312.72	586.3802029999999
WBGeneT01H10	0.0	0.0
WBGeneT01H3	83.7278	180.1229
WBGeneT01H8	30.4317117435	38.0764
WBGeneT02B11	0.0	0.0
WBGeneT02B5	0.0	0.0
WBGeneT02C1	0.0	772.893
WBGeneT02C12	0.0	167.898762
WBGeneT02C5	84.480707	147.7571
WBGeneT02D1	0.0	0.0
WBGeneT02E1	49.9573	50.905
WBGeneT02E9	1452.1879999999999	1381.6709999999998
WBGeneT02G5	140.0772	338.73519999999996
WBGeneT02G6	228.558	0.0
WBGeneT02H6	1229.974	1415.24
WBGeneT03D3	0.0	0.0
WBGeneT03D8	283.186	856.7175000000001
WBGeneT03E6	105.401	201.177
WBGeneT03F1	293.4326	79.6149
WBGeneT03F6	156.3767	504.3674
WBGeneT03F7	192.2955	0.0
WBGeneT03G11	25.365	42.3457
WBGeneT03G6	419.47097089	283.4529051
WBGeneT04A11	33.1855	0.0
WBGeneT04A6	0.0	0.0
WBGeneT04A8	443.0422	533.1747
WBGeneT04B2	0.0	0.0
WBGeneT04B8	0.0	112.337
WBGeneT04C10	170.4248	364.5153
WBGeneT04C12	688.6410999999999	1276.2724
WBGeneT04C4	35.7232	43.8451
WBGeneT04C9	251.440174179	1097.172576685
WBGeneT04D1	79.5043	74.9726
WBGeneT04D3	211.771	66.3323
WBGeneT04F3	0.0	35.1847
WBGeneT04F8	134.0015	91.901
WBGeneT04G9	512.1217	815.658
WBGeneT04H1	0.0	160.77243600000003
WBGeneT05A1	0.0	43.2363
WBGeneT05A10	98.5767764	93.4159
WBGeneT05A12	45.7138	104.6231
WBGeneT05A6	186.241	536.758
WBGeneT05A7	1097.9526	406.0397
WBGeneT05A8	249.985	27.4837
WBGeneT05B11	131.071	389.632
WBGeneT05B4	578.816	147.392
WBGeneT05B9	0.0	0.0
WBGeneT05C1	247.678	118.461
WBGeneT05C12	196.7339	355.5711
WBGeneT05C3	377.124	143.421
WBGeneT05C7	0.0	0.0
WBGeneT05D4	201.47019999999998	0.0
WBGeneT05E11	1712.5049999999999	1527.4479999999999
WBGeneT05E12	0.0	73.849
WBGeneT05E7	104.92	100.124
WBGeneT05E8	0.0	0.0
WBGeneT05F1	1299.43850364	2362.1643999999997
WBGeneT05G11	0.0	0.0
WBGeneT05G5	1216.7058	986.9583
WBGeneT05H10	1466.94298	1275.400619
WBGeneT05H4	806.3744	641.2614
WBGeneT06A1	0.0	204.474
WBGeneT06A10	361.168	208.9091
WBGeneT06A4	0.0	72.5509
WBGeneT06C10	248.084	0.0
WBGeneT06C12	168.087512	70.2574
WBGeneT06D10	399.3397	179.739
WBGeneT06D4	0.0	0.0
WBGeneT06D8	553.3167000000001	1866.2019
WBGeneT06E4	0.0	0.0
WBGeneT06E6	488.5924	856.623
WBGeneT06E8	122.52	0.0
WBGeneT06F4	0.0	0.0
WBGeneT06G6	0.0	0.0
WBGeneT06H11	0.0	0.0
WBGeneT07A5	647.822	0.0
WBGeneT07A9	3865.5314499999995	4625.9689
WBGeneT07C12	205.1072	0.0
WBGeneT07C4	674.4731	712.8151
WBGeneT07C5	0.0	0.0
WBGeneT07D1	484.727	115.7138
WBGeneT07D10	0.0	0.0
WBGeneT07D3	302.0999	61.218
WBGeneT07D4	51.2385	511.59820935043
WBGeneT07E3	160.24450000000002	0.0
WBGeneT07F10	71.3877	202.3117
WBGeneT07F12	0.0	0.0
WBGeneT07F8	156.28570000000002	193.974
WBGeneT07G12	437.9397	0.0
WBGeneT07H3	0.0	0.0
WBGeneT07H6	418.61812188799996	149.647
WBGeneT07H8	40.9182	0.0
WBGeneT08A11	40.202	125.9401
WBGeneT08A9	173.7659	165.7779
WBGeneT08B1	190.706	175.22570000000002
WBGeneT08B2	1161.76499204842	2663.33308
WBGeneT08B6	448.638	0.0
WBGeneT08D10	105.8495	41.637
WBGeneT08D2	0.0	0.0
WBGeneT08E11	136.921	86.6022
WBGeneT08G11	19.4553056	94.98670299999999
WBGeneT08G2	172.478	82.1037
WBGeneT08G3	0.0	0.0
WBGeneT08G5	33.57346	0.0
WBGeneT08H10	0.0	102.492
WBGeneT08H4	297.9084	84.10460545123
WBGeneT09A12	0.0	2688.23
WBGeneT09A5	945.13598061	403.038200798422
WBGeneT09B4	1291.0656000000001	533.723
WBGeneT09B9	71.057	0.0
WBGeneT09D3	55.4342	0.0
WBGeneT09E11	0.0	0.0
WBGeneT09E8	413.04629	128.53716
WBGeneT09F3	300.9885	374.578
WBGeneT09F5	0.0	112.466
WBGeneT09H2	0.0	0.0
WBGeneT10A3	60.742535622	0.0
WBGeneT10B10	165.50979999999998	113.6063
WBGeneT10B11	171.4985	72.3088
WBGeneT10B5	368.4386	312.5548
WBGeneT10B9	0.0	60.5831
WBGeneT10C6	191.087	1250.606
WBGeneT10D4	43.6124	0.0
WBGeneT10E10	156.051	748.981
WBGeneT10E9	475.3782	43.8709
WBGeneT10F2	179.4709	920.365
WBGeneT10G3	565.5581999999999	158.133
WBGeneT10H10	43.9543	122.5368
WBGeneT10H4	0.0	0.0
WBGeneT10H9	80.9674	168.663
WBGeneT11A5	0.0	83.8379
WBGeneT11B7	149.143	186.93218000000002
WBGeneT11F1	0.0	0.0
WBGeneT11F8	143.025	0.0
WBGeneT11F9	0.0	448.795
WBGeneT11G6	136.1763388	23.2892
WBGeneT12A2	237.478	273.471
WBGeneT12A7	29.5897	0.0
WBGeneT12B3	0.0	100.356
WBGeneT12B5	90.1239	0.0
WBGeneT12C9	32.9008	0.0
WBGeneT12D8	1561.7004	1083.4006
WBGeneT12E12	215.0085	80.6447
WBGeneT12F5	405.42320596	64.6396
WBGeneT12G3	263.0322	561.8855
WBGeneT13A10	0.0	0.0
WBGeneT13B5	0.0	0.0
WBGeneT13C2	136.9211	114.84370000000001
WBGeneT13C5	0.0	0.0
WBGeneT13F2	792.6699	2478.4836999999998
WBGeneT13F3	0.0	0.0
WBGeneT13G4	22.7671	0.0
WBGeneT13H10	0.0	0.0
WBGeneT13H2	111.18648246000001	97.14370733000001
WBGeneT13H5	812.769	600.3887
WBGeneT14A8	71.8335	68.2653
WBGeneT14B1	128.523	0.0
WBGeneT14B4	1062.3961	1688.4325
WBGeneT14C1	0.0	0.0
WBGeneT14D7	43.9876	0.0
WBGeneT14E8	65.8693	88.66
WBGeneT14F9	190.386	278.84900000000005
WBGeneT14G10	512.7386	440.0027
WBGeneT14G11	136.0831	88.3828
WBGeneT14G12	0.0	0.0
WBGeneT14G8	113.9543	182.1835
WBGeneT15B12	100.017	0.0
WBGeneT15B7	0.0	399.024
WBGeneT15D6	0.0	0.0
WBGeneT15H9	238.645	135.664
WBGeneT16A1	0.0	0.0
WBGeneT16A9	0.0	0.0
WBGeneT16D1	0.0	0.0
WBGeneT16G1	280.31831335	80.9534
WBGeneT16G12	206.109	455.878
WBGeneT16H12	144.911	233.42589999999998
WBGeneT16H5	0.0	0.0
WBGeneT17A3	0.0	116.393
WBGeneT17E9	80.277	106.04499999999999
WBGeneT17H7	204.98040790871	222.71202949999997
WBGeneT18D3	76.4713	127.1686
WBGeneT18H9	126.35529999999999	354.9284
WBGeneT19A5	115.3458	101.7855
WBGeneT19A6	409.567	120.492
WBGeneT19B10	1921.3544	1327.3127
WBGeneT19B4	669.9440999999999	705.343
WBGeneT19C3	62.3019	908.23
WBGeneT19C4	992.3067000000001	958.0346999999999
WBGeneT19C9	0.0	0.0
WBGeneT19D12	19.7563629103	83.6892
WBGeneT19D2	0.0	102.613
WBGeneT19D7	227.194	0.0
WBGeneT19E10	0.0	0.0
WBGeneT19E7	399.957	162.5101
WBGeneT19F4	0.0	0.0
WBGeneT19H12	63.5495	306.957
WBGeneT19H5	167.018	0.0
WBGeneT20B12	868.0529	541.5607
WBGeneT20B3	0.0	139.145
WBGeneT20B5	127.5599	29.7068
WBGeneT20B6	0.0	152.937
WBGeneT20C4	0.0	0.0
WBGeneT20C7	0.0	0.0
WBGeneT20D3	387.58531	152.204
WBGeneT20D4	0.0	0.0
WBGeneT20F10	0.0	0.0
WBGeneT20F5	560.504	395.0243
WBGeneT20F7	111.05420000000001	106.2922
WBGeneT20G5	691.8530000000001	988.3960999999999
WBGeneT20H4	281.2191	343.341
WBGeneT20H9	0.0	0.0
WBGeneT21B10	26.8058	204.66340000000002
WBGeneT21B4	94.054	0.0
WBGeneT21B6	158.4511	73.2716
WBGeneT21C12	400.4859	0.0
WBGeneT21C9	390.6062	515.1529
WBGeneT21D11	0.0	0.0
WBGeneT21D12	37.136	118.949
WBGeneT21D9	0.0	0.0
WBGeneT21E12	17.3733	24.5707
WBGeneT21E3	25.3325	23.8779
WBGeneT21E8	0.0	23.7096
WBGeneT21F2	0.0	0.0
WBGeneT21F4	123.507	0.0
WBGeneT21G5	232.193000818803	165.5404
WBGeneT21H3	829.2891000000001	446.1962
WBGeneT21H8	1042.5419000000002	130.81834156
WBGeneT22A3	198.7067	1208.0236
WBGeneT22B11	224.3016	55.3536
WBGeneT22B2	0.0	53.8461
WBGeneT22B3	0.0	0.0
WBGeneT22B7	466.707	159.4576
WBGeneT22C1	679.7452	263.8105
WBGeneT22C8	79.6001	0.0
WBGeneT22D1	411.60800000000006	269.6708
WBGeneT22D2	64.4874	0.0
WBGeneT22E5	389.9626	305.012
WBGeneT22E7	0.0	89.2014
WBGeneT22F3	36.2295	56.0394
WBGeneT22F7	0.0	60.6679
WBGeneT22G5	147.347	54.1827
WBGeneT22H2	106.35522	101.531
WBGeneT22H6	40.925270000000005	38.74051
WBGeneT22H9	172.2814	248.34879999999998
WBGeneT23B12	284.791	320.15360000000004
WBGeneT23B3	515.6856	412.951
WBGeneT23B5	0.0	756.6822000000001
WBGeneT23B7	0.0	0.0
WBGeneT23C6	184.586	380.5647
WBGeneT23D5	0.0	0.0
WBGeneT23D8	330.0454	219.1868
WBGeneT23E1	0.0	0.0
WBGeneT23E7	166.3966	122.957
WBGeneT23F1	0.0	117.3392
WBGeneT23F11	189.082	145.33589999999998
WBGeneT23F2	891.0457	1027.9596999999999
WBGeneT23F4	0.0	0.0
WBGeneT23F6	37.9007	35.8653
WBGeneT23G11	476.10200000000003	656.8608
WBGeneT23G4	114.5307	121.251
WBGeneT23G5	172.56459999999998	79.2753
WBGeneT23G7	706.0508	1452.4186
WBGeneT23H2	95.5191	76.2979
WBGeneT23H4	0.0	0.0
WBGeneT24A11	194.73	231.55700541715
WBGeneT24A6	0.0	0.0
WBGeneT24B1	114.596	0.0
WBGeneT24B8	11530.20853319	8570.86566
WBGeneT24C12	0.0	55.5011
WBGeneT24C2	0.0	0.0
WBGeneT24C4	323.71590000000003	115.48140000000001
WBGeneT24D1	176.1295	34.5776
WBGeneT24D11	0.0	80.7272
WBGeneT24D3	0.0	0.0
WBGeneT24D5	59.4446	0.0
WBGeneT24D8	0.0	0.0
WBGeneT24E12	0.0	0.0
WBGeneT24F1	240.7089	372.3061
WBGeneT24G10	80.5759	0.0
WBGeneT24H10	352.099	1289.7875999999999
WBGeneT24H7	403.71799999999996	965.3102
WBGeneT25B2	0.0	0.0
WBGeneT25B6	40.3608	38.205
WBGeneT25B9	0.0	0.0
WBGeneT25C12	121.25438	287.9257
WBGeneT25C8	386.215	184.086
WBGeneT25D1	0.0	0.0
WBGeneT25D10	90.3008	0.0
WBGeneT25D3	136.921	262.196
WBGeneT25E12	197.87169999999998	36.9824
WBGeneT25E4	0.0	0.0
WBGeneT25F10	196.903	373.954
WBGeneT25G12	304.382	233.2321
WBGeneT25G3	130.063	401.8954
WBGeneT26A5	1524.134	1581.5552
WBGeneT26A8	179.8185	125.72700434729
WBGeneT26C11	101.2156	57.5654
WBGeneT26C12	50.9813	111.885
WBGeneT26C5	97.99688933690001	0.0
WBGeneT26E3	383.388	86.0146
WBGeneT26E4	0.0	0.0
WBGeneT26F2	0.0	114.547
WBGeneT26G10	216.855	206.094
WBGeneT26H10	0.0	0.0
WBGeneT26H2	208.8838	0.0
WBGeneT26H5	0.0	83.9323
WBGeneT26H8	0.0	0.0
WBGeneT27A1	0.0	247.404
WBGeneT27A10	74.1224	70.1344
WBGeneT27A3	106.19872364	0.0
WBGeneT27A8	0.0	0.0
WBGeneT27B1	275.227	87.65677
WBGeneT27B2	0.0	0.0
WBGeneT27B7	0.0	0.0
WBGeneT27C10	26.0254	0.0
WBGeneT27C4	478.13489999999996	63.8559959
WBGeneT27C5	0.0	0.0
WBGeneT27D1	0.0	126.778
WBGeneT27D12	0.0	61.1387
WBGeneT27E4	8397.214	0.0
WBGeneT27E7	0.0	0.0
WBGeneT27E9	285.468	899.2887000000001
WBGeneT27F2	29.099793650000002	331.027
WBGeneT27F6	146.637	0.0
WBGeneT27F7	136.9169	429.29823999999996
WBGeneT28A11	118.574	737.171
WBGeneT28A8	0.0	151.178
WBGeneT28B11	38.026	35.9844
WBGeneT28B4	336.895	641.7270000000001
WBGeneT28B8	0.0	162.845
WBGeneT28C12	69.2914	0.0
WBGeneT28C6	818.957568	186.98943400000002
WBGeneT28D6	533.2478	448.795
WBGeneT28D9	1598.5729999999999	2066.6144
WBGeneT28F12	223.3405	230.13739999999999
WBGeneT28F2	43.1624	515.986
WBGeneT28F3	0.0	48.8672892232
WBGeneT28F4	375.618	81.6397
WBGeneT28H10	78.1137	0.0
WBGeneT28H11	0.0	94.8639
WBGeneVB0393L	0.0	0.0
WBGeneVB0395L	0.0	0.0
WBGeneVC27A7L	0.0	0.0
WBGeneVC5	281.6378186014	121.506006045934
WBGeneVF11C1L	0.0	0.0
WBGeneVF13D12L	89.4233	187.516
WBGeneVF36H2L	116.916	0.0
WBGeneVF39H2L	0.0	0.0
WBGeneVH15N14R	0.0	0.0
WBGeneVK10D6R	0.0	0.0
WBGeneVM106R	0.0	0.0
WBGeneVW02B12L	545.5821	216.775
WBGeneVW06B3R	0.0	0.0
WBGeneVY10G11R	0.0	0.0
WBGeneVZC374L	93.2281	0.0
WBGeneVZK822L	108.38	206.941
WBGeneW01A11	305.3435	65.6956
WBGeneW01A8	131.456	448.79834076
WBGeneW01B11	62.6838	357.011
WBGeneW01B6	0.0	78.8903
WBGeneW01C8	139.7662	580.7761
WBGeneW01C9	154.776	108.313
WBGeneW01D2	6273.418000000001	4095.0676823999997
WBGeneW01F3	281.1934	89.30318100000001
WBGeneW01G7	88.4992	144.17329999999998
WBGeneW01H2	0.0	0.0
WBGeneW02A11	68.3649	165.8057
WBGeneW02A2	2373.5941000000003	52.6362
WBGeneW02B12	986.155	419.89000839780005
WBGeneW02B3	37.9476	35.9098
WBGeneW02B8	0.0	69.3266
WBGeneW02B9	258.907459	181.411261
WBGeneW02C12	231.18980000000002	119.79
WBGeneW02D3	1033.1223	820.2627
WBGeneW02D7	198.689	190.911
WBGeneW02D9	210.5867	395.5969
WBGeneW02F12	69.4483	166.574
WBGeneW02G9	73.8511	139.593
WBGeneW02H3	0.0	0.0
WBGeneW02H5	59.5986	0.0
WBGeneW03A3	113.597	0.0
WBGeneW03A5	136.8072	232.77819999999997
WBGeneW03B1	548.32074499	182.6421
WBGeneW03C9	540.0	332.044
WBGeneW03D2	273.029	130.733
WBGeneW03D8	22.750254258000002	117.817
WBGeneW03F11	58.6894	152.1791
WBGeneW03F8	1467.391	314.823
WBGeneW03F9	227.774	304.3735
WBGeneW03G1	51.3511	0.0
WBGeneW03G11	151.28699999999998	115.531157483
WBGeneW03G9	1165.0638999999999	158.0901
WBGeneW03H1	0.0	0.0
WBGeneW03H9	0.0	271.0262
WBGeneW04A4	0.0	0.0
WBGeneW04A8	844.24106	501.04299999999995
WBGeneW04B5	111.128	591.123
WBGeneW04C9	1020.2609	1213.027
WBGeneW04D12	0.0	0.0
WBGeneW04D2	338.7230287079	875.37326391436
WBGeneW04E12	199.551	0.0
WBGeneW04G3	1596.94	1188.051
WBGeneW04G5	0.0	95.1764
WBGeneW04H10	286.9931	0.0
WBGeneW05B10	331.493	0.0
WBGeneW05B2	0.0	0.0
WBGeneW05B5	91.2861	725.514746375
WBGeneW05E10	59.56	113.029
WBGeneW05E7	0.0	0.0
WBGeneW05F2	1462.6686	34.495
WBGeneW05G11	316.586	50.0236
WBGeneW05H12	68.8765	65.431
WBGeneW05H5	0.0	136.3
WBGeneW05H7	52.1071	326.2061
WBGeneW05H9	181.851	88.7447158718
WBGeneW06A11	46.1262	0.0
WBGeneW06A7	409.76	475.0818
WBGeneW06B11	30.6235	285.1922
WBGeneW06B3	59.909	0.0
WBGeneW06B4	310.8816	0.0
WBGeneW06D11	0.0	0.0
WBGeneW06D12	0.0	0.0
WBGeneW06D4	0.0	51.055
WBGeneW06E11	252.484	416.2962
WBGeneW06F12	445.02023121239	733.42311820388
WBGeneW06G6	0.0	0.0
WBGeneW06H12	102.588	194.482
WBGeneW06H3	49.7951	47.1911
WBGeneW06H8	441.8725	260.255324
WBGeneW07A12	0.0	129.397
WBGeneW07A8	38.471	96.5276
WBGeneW07B3	735.26	345.7161
WBGeneW07B8	0.0	0.0
WBGeneW07E11	84.5695	66.492
WBGeneW07E6	103.511	144.5519
WBGeneW07G1	115.161	76.119
WBGeneW07G4	341.0095	21.6867
WBGeneW07G9	133.157	0.0
WBGeneW08A12	254.198	0.0
WBGeneW08D2	584.5649	36.8253
WBGeneW08E12	66.9231	276.8922
WBGeneW08E3	528.32425	868.869
WBGeneW08F4	349.86	724.003
WBGeneW08G11	38.0574	310.1221
WBGeneW09B12	0.0	0.0
WBGeneW09B6	195.138379	42.393354
WBGeneW09B7	0.0	0.0
WBGeneW09C2	128.161	90.4234
WBGeneW09C3	0.0	0.0
WBGeneW09C5	1558.0601	2283.473
WBGeneW09D10	482.49723000000006	566.37201
WBGeneW09D12	0.0	0.0
WBGeneW09D6	0.0	123.879
WBGeneW09G10	33.6343	2075.5851000000002
WBGeneW09G12	0.0	124.591
WBGeneW09G3	83.4559	64.7951
WBGeneW09H1	575.324	326.542
WBGeneW10C4	0.0	0.0
WBGeneW10C6	21.441	80.9916
WBGeneW10C8	41.0265	38.8384
WBGeneW10D5	220.149400719282	109.62505
WBGeneW10D9	136.717	241.336
WBGeneW10G11	0.0	0.0
WBGeneW10G6	171.194	0.0
WBGeneY102A11A	107.94630000000001	688.8747000000001
WBGeneY102A5A	0.0	19.8219
WBGeneY102A5B	0.0	0.0
WBGeneY102A5C	0.0	409.913
WBGeneY102E9	81.86161	0.0
WBGeneY102F5A	0.0	0.0
WBGeneY104H12A	208.031	75.522
WBGeneY104H12BR	45.712564	43.299478
WBGeneY104H12D	487.447	250.623
WBGeneY105C5A	0.0	0.0
WBGeneY105C5B	1141.63751	637.8292587006199
WBGeneY105E8A	5304.31539351	1829.8288
WBGeneY105E8B	1638.9318799999999	1540.8168
WBGeneY106G6A	154.2646	341.9235
WBGeneY106G6D	62.7077	59.2916
WBGeneY106G6E	332.4159	131.20940000000002
WBGeneY106G6G	0.0	0.0
WBGeneY106G6H	446.6746967	2600.5735999999997
WBGeneY108F1	0.0	0.0
WBGeneY108G3AL	440.35263	582.9325
WBGeneY10G11A	0.0	0.0
WBGeneY110A2AL	1095.203	920.8495
WBGeneY110A2AM	0.0	0.0
WBGeneY110A2AR	214.345	0.0
WBGeneY110A7A	505.94442	1041.25428
WBGeneY111B2A	2597.3638	1744.696821817608
WBGeneY113G7A	173.06240000000003	207.1796
WBGeneY113G7B	161.61145	297.2889
WBGeneY113G7C	0.0	0.0
WBGeneY116A8A	347.3199	80.353
WBGeneY116A8B	0.0	0.0
WBGeneY116A8C	2667.00578	2809.299904
WBGeneY116F11A	0.0	0.0
WBGeneY116F11B	210.574	162.058
WBGeneY119C1A	255.84	0.0
WBGeneY119C1B	226.0624	228.253
WBGeneY119D3A	0.0	0.0
WBGeneY119D3B	432.30530905693	269.87102198959997
WBGeneY11D7A	328.94	788.1287
WBGeneY12A6A	0.0	0.0
WBGeneY13C8A	100.234	0.0
WBGeneY14H12A	0.0	0.0
WBGeneY14H12B	166.113	159.367
WBGeneY15E3A	221.4584	0.0
WBGeneY16B4A	0.0	0.0
WBGeneY16E11A	0.0	0.0
WBGeneY17D7A	0.0	0.0
WBGeneY17D7B	0.0	0.0
WBGeneY17D7C	0.0	182.813
WBGeneY17G7A	120.436	0.0
WBGeneY17G7B	1228.9682	1034.140542
WBGeneY17G9A	0.0	0.0
WBGeneY17G9B	70.6208	139.71429999999998
WBGeneY18D10A	2324.0538	3260.0097
WBGeneY18H1A	60.9808	105.7902
WBGeneY19D10A	0.0	0.0
WBGeneY19D10B	0.0	0.0
WBGeneY19D2B	0.0	0.0
WBGeneY1A5A	0.0	0.0
WBGeneY1B5A	0.0	0.0
WBGeneY1H11	0.0	0.0
WBGeneY20C6A	0.0	116.706
WBGeneY20F4	0.0	173.2111
WBGeneY22D7AL	1358.78697	703.66439
WBGeneY22D7AR	0.0	87.7564186215
WBGeneY22F5A	143.248	0.0
WBGeneY23B4A	0.0	0.0
WBGeneY23H5A	171.74599999999998	261.00030000000004
WBGeneY23H5B	377.9316	146.8844
WBGeneY24D9A	1336.9929152767	361.8739
WBGeneY24D9B	0.0	0.0
WBGeneY24F12A	234.728	91.076
WBGeneY25C1A	125.2336	688.0286456012
WBGeneY26D4A	0.0	0.0
WBGeneY26E6A	0.0	164.71
WBGeneY26G10	0.0	0.0
WBGeneY27F2A	0.0	0.0
WBGeneY2H9A	0.0	0.0
WBGeneY32B12A	0.0	0.0
WBGeneY32B12B	0.0	0.0
WBGeneY32B12C	0.0	50.8752
WBGeneY32F6A	267.33778027799997	243.989393189
WBGeneY32F6B	40.1845	209.3907
WBGeneY32G9A	0.0	0.0
WBGeneY32G9B	391.466	0.0
WBGeneY32H12A	93.971441	77.861003
WBGeneY34B4A	549.5613	360.8817
WBGeneY34D9A	498.19640000000004	205.19740000000002
WBGeneY34D9B	64.9397	123.321
WBGeneY34F4	0.0	0.0
WBGeneY35H6	0.0	0.0
WBGeneY36E3A	0.0	0.0
WBGeneY37A1A	80.159	37.9374
WBGeneY37A1B	735.1922999999999	237.68173000000002
WBGeneY37A1C	200.398	37.9374
WBGeneY37B11A	0.0	0.0
WBGeneY37D8A	1641.0317	1911.7296999999999
WBGeneY37E11AL	633.7770999999999	0.0
WBGeneY37E11AM	0.0	28.9623
WBGeneY37E11AR	78.6478	107.9824
WBGeneY37E11B	386.4184	145.414
WBGeneY37E11C	0.0	151.912
WBGeneY37E3	7970.779463000001	4579.68963
WBGeneY37F4	58.9873	0.0
WBGeneY37H2A	0.0	0.0
WBGeneY37H2B	0.0	0.0
WBGeneY37H2C	0.0	0.0
WBGeneY37H9A	55.3528	41.1624
WBGeneY38A10A	1462.469	1929.9878999999999
WBGeneY38A8	0.0	35.7764
WBGeneY38C1AA	199.55739999999997	302.02099999999996
WBGeneY38C1AB	86.652365847	20.458138402720003
WBGeneY38C1BA	222.256	0.0
WBGeneY38C9A	0.0	47.8423
WBGeneY38C9B	0.0	0.0
WBGeneY38E10A	2728.7072	22.21085
WBGeneY38F1A	472.75394	32.5885
WBGeneY38F2AL	1113.3365000000001	410.06600000000003
WBGeneY38F2AR	2308.4996	1255.962
WBGeneY38H6A	0.0	0.0
WBGeneY38H6C	104.099	0.0
WBGeneY38H8A	0.0	0.0
WBGeneY39A1A	327.254	470.4291389
WBGeneY39A1B	0.0	59.9593
WBGeneY39A1C	623.5797	434.71909999999997
WBGeneY39A3A	0.0	0.0
WBGeneY39A3B	115.161	0.0
WBGeneY39A3CL	23.127608915	0.0
WBGeneY39A3CR	829.9947	283.755
WBGeneY39B6A	1723.3851	1479.9007
WBGeneY39C12A	0.0	0.0
WBGeneY39D8A	0.0	0.0
WBGeneY39D8B	0.0	0.0
WBGeneY39D8C	0.0	0.0
WBGeneY39E4A	0.0	128.66
WBGeneY39E4B	187.92852596703	363.940790244093
WBGeneY39F10A	0.0	0.0
WBGeneY39F10B	0.0	0.0
WBGeneY39F10C	0.0	0.0
WBGeneY39G10AL	0.0	0.0
WBGeneY39G10AR	751.8086	1554.471
WBGeneY39G8B	247.228	126.04
WBGeneY39G8C	49.8873	62.7773
WBGeneY39H10A	32.7836	0.0
WBGeneY39H10B	0.0	0.0
WBGeneY40A1A	0.0	0.0
WBGeneY40B10A	0.0	673.223
WBGeneY40B10B	0.0	0.0
WBGeneY40B1A	252.563	108.433
WBGeneY40B1B	1060.14977	2445.91
WBGeneY40C5A	0.0	0.0
WBGeneY40C7B	0.0	0.0
WBGeneY40D12A	0.0	0.0
WBGeneY40G12A	180.528	0.0
WBGeneY40H4A	53.8764	0.0
WBGeneY40H7A	0.0	0.0
WBGeneY41C4A	272.044	471.033
WBGeneY41D4A	829.9619	90.9804
WBGeneY41D4B	2232.0951	2543.976915
WBGeneY41E3	1275.850809	211.5079
WBGeneY41G9A	0.0	80.8779
WBGeneY42A5A	143.443	0.0
WBGeneY42G9A	52.8553	71.239
WBGeneY42H9AR	164.84789999999998	0.0
WBGeneY42H9B	51.2607	113.37950000000001
WBGeneY43B11AL	0.0	0.0
WBGeneY43B11AR	877.46	674.016
WBGeneY43C5A	81.5036	113.945
WBGeneY43C5B	0.0	0.0
WBGeneY43D4A	0.0	0.0
WBGeneY43E12A	0.0	0.0
WBGeneY43F11A	0.0	0.0
WBGeneY43F4A	48.2799	45.7465
WBGeneY43F4B	130.3838	1425.301
WBGeneY43F8A	0.0	0.0
WBGeneY43F8B	69.0606	152.7006
WBGeneY43F8C	431.34400000000005	200.4648
WBGeneY43H11AL	539.245478796	203.25960890599998
WBGeneY44A6B	0.0	0.0
WBGeneY44A6C	96.3516	183.696
WBGeneY44A6D	0.0	0.0
WBGeneY44A6E	0.0	0.0
WBGeneY44E3A	2316.3656140000003	68.2257489
WBGeneY44E3B	196.405	0.0
WBGeneY44F5A	0.0	0.0
WBGeneY45F10A	68.2129	30.48324
WBGeneY45F10B	0.0	0.0
WBGeneY45F10C	0.0	0.0
WBGeneY45F10D	2485.1756	396.397
WBGeneY45F3A	137.33	0.0
WBGeneY45G12A	0.0	0.0
WBGeneY45G12B	173.055	214.5597
WBGeneY45G12C	225.972	0.0
WBGeneY45G5AL	110.065	0.0
WBGeneY45G5AM	541.2479999999999	607.6011000000001
WBGeneY46B2A	138.687	131.757
WBGeneY46C8AL	0.0	0.0
WBGeneY46C8AM	0.0	0.0
WBGeneY46C8AR	0.0	0.0
WBGeneY46D2A	0.0	0.0
WBGeneY46E12A	0.0	134.607
WBGeneY46E12BL	150.4803	40.022
WBGeneY46G5A	731.577	1483.1093
WBGeneY46H3A	2013.3831	51.9111
WBGeneY46H3B	0.0	0.0
WBGeneY46H3C	105.401	100.589
WBGeneY46H3D	0.0	0.0
WBGeneY47A7	71.8335	136.531
WBGeneY47C4A	0.0	0.0
WBGeneY47D3A	3258.9256	1159.6242
WBGeneY47D3B	662.0734	455.8444
WBGeneY47D7A	2401.5589999999997	2560.4610000000002
WBGeneY47D9A	211.6279	135.9169
WBGeneY47G6A	670.9955462	1373.5834119
WBGeneY47G7B	0.0	0.0
WBGeneY47H10A	0.0	42.2871
WBGeneY47H9A	0.0	0.0
WBGeneY47H9B	0.0	0.0
WBGeneY47H9C	344.4192	241.34223
WBGeneY48A5A	0.0	0.0
WBGeneY48A6A	136.111	0.0
WBGeneY48A6B	1041.46695	221.39628
WBGeneY48A6C	0.0	79.5664
WBGeneY48B6A	11233.8865	5497.2213
WBGeneY48C3A	630.9591	475.8975
WBGeneY48D7A	0.0	134.222
WBGeneY48E1A	0.0	17.0597
WBGeneY48E1B	664.6991	502.59319999999997
WBGeneY48E1C	302.3847	0.0
WBGeneY48G10A	47.4094	326.9054
WBGeneY48G1A	143.3074	31.3508
WBGeneY48G1BL	19.2159	36.2832
WBGeneY48G1BM	0.0	0.0
WBGeneY48G1BR	0.0	0.0
WBGeneY48G1C	366.7508065	187.0272498
WBGeneY48G8AL	2932.2183	2862.6476
WBGeneY48G8AR	138.173	130.698
WBGeneY48G9A	164.1531419492	47.9155
WBGeneY49A10A	105.764	0.0
WBGeneY49A3A	519.9916	925.2620000000001
WBGeneY49C4A	0.0	0.0
WBGeneY49E10	2174.4579	5567.2847
WBGeneY49F6A	0.0	0.0
WBGeneY49F6B	355.83799999999997	331.292
WBGeneY49F6C	344.19	224.35
WBGeneY49G5A	0.0	0.0
WBGeneY49G5B	0.0	60.9666
WBGeneY4C6A	0.0	0.0
WBGeneY4C6B	0.0	0.0
WBGeneY50C1A	44.2839	110.226
WBGeneY50D4A	0.0	84.836
WBGeneY50D4B	0.0	0.0
WBGeneY50D4C	499.3555	384.8655
WBGeneY50D7A	571.4359421	259.6213523
WBGeneY50E8A	587.123652	0.0
WBGeneY51A2A	0.0	0.0
WBGeneY51A2B	0.0	0.0
WBGeneY51A2D	176.5729077161	169.11285697231
WBGeneY51B9A	0.0	107.049
WBGeneY51F10	584.7629	0.0
WBGeneY51H1A	553.5699	448.86990000000003
WBGeneY51H4A	1149.6099	1510.4809
WBGeneY51H7BM	0.0	0.0
WBGeneY51H7BR	0.0	0.0
WBGeneY51H7C	1041.5140000000001	719.933
WBGeneY52B11A	0.0	139.145
WBGeneY52B11B	0.0	0.0
WBGeneY52B11C	0.0	0.0
WBGeneY52D3	0.0	0.0
WBGeneY52D5A	0.0	0.0
WBGeneY52E8A	0.0	0.0
WBGeneY53C10A	393.646	162.436
WBGeneY53C12A	211.3007	41.7574
WBGeneY53C12B	912.9284	128.90665
WBGeneY53C12C	0.0	0.0
WBGeneY53F4A	0.0	0.0
WBGeneY53F4B	421.1585	790.6252999999999
WBGeneY53G8AL	163.152	0.0
WBGeneY53G8AM	0.0	192.18110000000001
WBGeneY53G8AR	248.339	496.500058143
WBGeneY53G8B	74.3283	70.6583
WBGeneY53H1A	791.56	175.466
WBGeneY53H1B	0.0	87.9344
WBGeneY53H1C	0.0	50.4311203199
WBGeneY54B9A	710.393	682.793
WBGeneY54E10A	560.534666	502.8496
WBGeneY54E10BL	0.0	1252.529
WBGeneY54E10BR	764.34	1361.7330000000002
WBGeneY54E2A	235.70853	495.38743999999997
WBGeneY54E5A	109.3639	725.1039999999999
WBGeneY54E5B	0.0	620.512
WBGeneY54F10AL	137.753109999	0.0
WBGeneY54F10AM	213.22527	103.45257000000001
WBGeneY54F10AR	203.6625	0.0
WBGeneY54F10BL	0.0	0.0
WBGeneY54F10BM	84.4215	81.2912
WBGeneY54G11A	811.604	1643.037
WBGeneY54G11B	0.0	0.0
WBGeneY54G2A	1725.6409	2944.751900805342
WBGeneY54G9A	104.444	99.6634
WBGeneY54H5A	369.95799999999997	212.263
WBGeneY55B1AL	0.0	0.0
WBGeneY55B1AR	64.4847	56.5882
WBGeneY55B1BL	0.0	94.6567
WBGeneY55B1BM	0.0	0.0
WBGeneY55B1BR	89.78110000000001	92.2231
WBGeneY55D5A	465.1947	192.50199999999998
WBGeneY55D9A	0.0	0.0
WBGeneY55F3AL	57.37184567	125.87984
WBGeneY55F3AM	1413.462	131.098
WBGeneY55F3AR	261.0413	90.69488999999999
WBGeneY55F3BL	83.1277	0.0
WBGeneY55F3BR	85.36670000000001	197.692
WBGeneY55F3C	203.60105508	0.0
WBGeneY55H10A	57.3336	108.773
WBGeneY56A3A	2591.193	2015.0696
WBGeneY57A10A	1931.6580301396	3066.322358
WBGeneY57A10B	0.0	0.0
WBGeneY57A10C	0.0	251.2865
WBGeneY57E12AL	642.434	169.162
WBGeneY57E12AM	0.0	0.0
WBGeneY57E12AR	0.0	0.0
WBGeneY57E12B	0.0	54.1489
WBGeneY57G11A	1230.417	407.17700099131304
WBGeneY57G11B	0.0	0.0
WBGeneY57G11C	2526.8961	2953.0539000000003
WBGeneY57G7A	123.011	117.657
WBGeneY58A7A	268.538	0.0
WBGeneY58G8A	0.0	206.0342
WBGeneY59A8A	157.9883	55.3593
WBGeneY59A8B	1426.652	1234.4337
WBGeneY59C2A	0.0	284.55859999999996
WBGeneY59E1A	0.0	0.0
WBGeneY59E1B	0.0	0.0
WBGeneY59E9AL	0.0	0.0
WBGeneY59E9AR	0.0	0.0
WBGeneY59H11AL	0.0	0.0
WBGeneY59H11AM	0.0	0.0
WBGeneY59H11AR	0.0	389.8218
WBGeneY5F2A	930.268	984.291
WBGeneY5H2A	0.0	0.0
WBGeneY5H2B	0.0	0.0
WBGeneY60A3A	317.70208	1469.4202599999999
WBGeneY60A9	0.0	0.0
WBGeneY60A9A	0.0	0.0
WBGeneY60C6A	0.0	0.0
WBGeneY61A9LA	358.2446	239.52492985199999
WBGeneY61B8A	0.0	0.0
WBGeneY61B8B	0.0	0.0
WBGeneY62E10A	1214.4669999999999	2293.4378
WBGeneY62F5A	195.778	115.7235
WBGeneY62H9A	0.0	0.0
WBGeneY63D3A	1424.705	350.3204
WBGeneY64G10A	55.4227	71.312600374567
WBGeneY64H9A	302.067	0.0
WBGeneY65A5A	398.221	762.003
WBGeneY65B4A	224.5736	314.6619
WBGeneY65B4BL	0.0	175.02100000000002
WBGeneY65B4BM	497.38	284.592
WBGeneY65B4BR	848.0360000000001	2059.93082
WBGeneY66A7A	0.0	312.959
WBGeneY66C5A	0.0	0.0
WBGeneY66D12A	360.1282	1351.8371
WBGeneY66H1A	547.683	1051.53112129
WBGeneY66H1B	175.9747	107.73939999999999
WBGeneY67A10A	121.549	165.646
WBGeneY67A6A	68.7736	0.0
WBGeneY67D2	246.2085	65.5522
WBGeneY67D8A	0.0	0.0
WBGeneY67D8B	0.0	0.0
WBGeneY67D8C	249.890628466	141.99741493
WBGeneY67H2A	1284.3265999999999	202.47220000000002
WBGeneY68A4A	0.0	0.0
WBGeneY68A4B	0.0	0.0
WBGeneY69A2AL	91.1053	86.7898
WBGeneY69A2AR	1247.3601840000001	1225.589
WBGeneY69E1A	0.0	0.0
WBGeneY69F12A	75.1784	71.474
WBGeneY69H2	0.0	0.0
WBGeneY6B3A	19.0686	0.0
WBGeneY6B3B	193.9133	0.0
WBGeneY6D11A	252.434	483.087
WBGeneY6D1A	0.0	177.8952
WBGeneY6E2A	0.0	0.0
WBGeneY6G8	0.0	0.0
WBGeneY70C5A	0.0	0.0
WBGeneY70C5B	0.0	0.0
WBGeneY70C5C	0.0	0.0
WBGeneY70D2A	0.0	0.0
WBGeneY70G10A	0.0	36.4229
WBGeneY71A12B	593.3407000000001	2069.201
WBGeneY71A12C	0.0	0.0
WBGeneY71D11A	121.05319999999999	295.7558118
WBGeneY71F9AL	1937.1169	2063.7948
WBGeneY71F9AM	250.033	239.21
WBGeneY71F9AR	246.29309999999998	55.6915
WBGeneY71F9B	2131.38655	626.2390443620001
WBGeneY71G10AL	66.7078	63.1815
WBGeneY71G10AR	87.0597	82.4423
WBGeneY71G12A	410.1525	109.208
WBGeneY71G12B	1116.0529	5667.358499999999
WBGeneY71H10A	93.64358419999999	88.73141269999999
WBGeneY71H10B	72.7995	69.1917
WBGeneY71H2AL	0.0	0.0
WBGeneY71H2AM	1452.588041	1265.150243
WBGeneY71H2AR	244.962	0.0
WBGeneY71H2B	347.00030000000004	386.3314
WBGeneY71H9A	0.0	0.0
WBGeneY72A10A	0.0	0.0
WBGeneY73B3A	0.0	165.5864
WBGeneY73B3B	0.0	0.0
WBGeneY73B6A	193.31694221	31.21520284
WBGeneY73B6BL	2307.331	2004.0497
WBGeneY73B6BR	64.4395	61.1818
WBGeneY73C8A	0.0	0.0
WBGeneY73C8B	0.0	0.0
WBGeneY73C8C	34.2859	0.0
WBGeneY73E7A	129.0064	72.8073
WBGeneY73F4A	238.896	0.0
WBGeneY73F8A	272.7336153	0.0
WBGeneY74C10AL	0.0	0.0
WBGeneY74C10AR	42.5045	80.4901
WBGeneY74C9A	209.20119999999997	46.8088
WBGeneY74E4A	0.0	0.0
WBGeneY75B12A	0.0	0.0
WBGeneY75B12B	2243.33	1066.653
WBGeneY75B7AL	37.760433	0.0
WBGeneY75B7AR	0.0	0.0
WBGeneY75B7B	0.0	0.0
WBGeneY75B8A	1450.73219	1519.3775109
WBGeneY75D11A	0.0	0.0
WBGeneY76A2A	0.0	28.6748
WBGeneY76A2B	895.93359452	351.416
WBGeneY76B12C	69.065	672.4617
WBGeneY77E11A	222.3764	378.01780552234
WBGeneY79H2A	372.5136	422.885726747
WBGeneY7A5A	0.0	62.9595
WBGeneY7A9A	0.0	0.0
WBGeneY7A9C	0.0	0.0
WBGeneY7A9D	0.0	335.479
WBGeneY80D3A	223.4728	115.06280000000001
WBGeneY80D4G	138.779	0.0
WBGeneY81B9A	0.0	0.0
WBGeneY81G3A	0.0	0.0
WBGeneY82E9BL	0.0	90.2228
WBGeneY82E9BR	3551.0772	5095.73766
WBGeneY87G2A	1187.5374000000002	889.9548
WBGeneY8A9A	0.0	0.0
WBGeneY8G1A	246.255	78.1082
WBGeneY92C3A	0.0	0.0
WBGeneY92C3B	197.467	821.957
WBGeneY92H12A	143.87568000000002	175.21125
WBGeneY92H12BL	0.0	794.5466
WBGeneY92H12BM	0.0	0.0
WBGeneY92H12BR	816.73443	339.9267
WBGeneY94A7B	0.0	0.0
WBGeneY94H6A	778.0877	778.508
WBGeneY95B8A	882.1857	0.0
WBGeneY95D11A	239.305	0.0
WBGeneY97E10AL	112.212	0.0
WBGeneY97E10AM	0.0	0.0
WBGeneY97E10AR	1538.9695000000002	1360.4089
WBGeneY97E10B	0.0	0.0
WBGeneY97E10C	339.117	863.86
WBGeneY9C12A	0.0	0.0
WBGeneY9C2UA	0.0	0.0
WBGeneY9C9A	0.0	0.0
WBGeneY9D1A	55.9396	106.11
WBGeneZC101	357.2393	163.8817
WBGeneZC116	7.73397	7.29114
WBGeneZC123	156.6242	121.3966
WBGeneZC13	82.0896	79.3961
WBGeneZC132	0.0	0.0
WBGeneZC142	0.0	0.0
WBGeneZC15	102.81	0.0
WBGeneZC155	113.039	531.962
WBGeneZC168	401.30960000000005	108.65700000000001
WBGeneZC178	0.0	0.0
WBGeneZC190	0.0	65.5714
WBGeneZC196	0.0	59.7891
WBGeneZC204	492.201	202.208
WBGeneZC21	264.10299999999995	0.0
WBGeneZC239	535.433	0.0
WBGeneZC247	7.07244	44.0269
WBGeneZC250	152.202007639	87.9344
WBGeneZC262	863.677	644.0989999999999
WBGeneZC266	0.0	0.0
WBGeneZC302	0.0	0.0
WBGeneZC308	113.737	118.461
WBGeneZC317	0.0	0.0
WBGeneZC328	229.699	391.784
WBGeneZC334	0.0	0.0
WBGeneZC373	0.0	0.0
WBGeneZC374	89.8213	85.0722
WBGeneZC376	262.96775	358.22298
WBGeneZC395	674.602	432.268
WBGeneZC404	183.9001	105.6622
WBGeneZC410	0.0	71.239
WBGeneZC412	0.0	0.0
WBGeneZC416	69.0834	0.0
WBGeneZC434	1987.32944	1664.5192980000002
WBGeneZC443	152.727	145.223
WBGeneZC449	135.533	166.865
WBGeneZC455	69.4483	249.182
WBGeneZC47	142.396	0.0
WBGeneZC477	257.8315	259.159
WBGeneZC482	0.0	0.0
WBGeneZC487	0.0	74.0784
WBGeneZC504	309.59321888007	49.41773473
WBGeneZC506	147.49714	87.4126
WBGeneZC513	2242.3876	1076.7865
WBGeneZC518	33.9444	198.18699999999998
WBGeneZC53	0.0	0.0
WBGeneZC581	0.0	0.0
WBGeneZC64	681.3591	75.1945
WBGeneZC8	189.1752	189.0326
WBGeneZC84	20.0054	18.8888
WBGeneZC97	0.0	155.62046
WBGeneZK1005	14.073355243	0.0
WBGeneZK1010	2367.6459	2278.2666
WBGeneZK1025	0.0	0.0
WBGeneZK1037	0.0	0.0
WBGeneZK105	0.0	0.0
WBGeneZK1053	191.114	130.72629999999998
WBGeneZK1055	0.0	19.9818
WBGeneZK1058	380.5528	335.98060000000004
WBGeneZK1067	577.1881	402.511
WBGeneZK1073	246.475	78.1787
WBGeneZK1086	38.180316999999995	36.130321
WBGeneZK1098	252.21110000000002	379.72240811321
WBGeneZK112	80.38230300000001	69.8675
WBGeneZK1127	525.351	419.06139999999994
WBGeneZK1128	62.2176	244.169
WBGeneZK1151	234.60180010248598	83.031000785328
WBGeneZK1193	0.0	81.0291
WBGeneZK121	0.0	0.0
WBGeneZK1225	0.0	0.0
WBGeneZK1236	493.678182	528.373944
WBGeneZK1240	94.0859	0.0
WBGeneZK1248	1061.0272	1004.4984000000001
WBGeneZK1251	0.0	0.0
WBGeneZK1290	610.3133479	277.8275
WBGeneZK1307	99.16966194400001	381.752606685
WBGeneZK131	0.0	2181.5271
WBGeneZK1320	571.7352999999999	134.7263508
WBGeneZK1321	92.8518	0.0
WBGeneZK154	399.8437	390.925
WBGeneZK177	526.4348	174.434
WBGeneZK180	1066.625	656.028
WBGeneZK185	0.0	0.0
WBGeneZK20	183.665	174.981
WBGeneZK218	0.0	0.0
WBGeneZK228	0.0	0.0
WBGeneZK250	0.0	0.0
WBGeneZK256	147.2346	46.5074
WBGeneZK262	0.0	0.0
WBGeneZK265	417.078	416.8172
WBGeneZK270	65.1416	40.2451
WBGeneZK285	0.0	0.0
WBGeneZK287	58.410270000000004	1321.0700000000002
WBGeneZK328	189.68720000000002	209.99970000000002
WBGeneZK337	41.915205692195	0.0
WBGeneZK353	629.5089399999999	698.96287
WBGeneZK354	0.0	0.0
WBGeneZK355	73.08860739807	0.0
WBGeneZK370	162.269948743	92.8256585559
WBGeneZK377	155.784549	0.0
WBGeneZK380	0.0	0.0
WBGeneZK381	216.3702	166.3477
WBGeneZK384	0.0	0.0
WBGeneZK39	0.0	0.0
WBGeneZK40	0.0	157.924
WBGeneZK402	0.0	0.0
WBGeneZK418	57.4051	180.99
WBGeneZK430	114.73	276.99580000000003
WBGeneZK455	125.60029999999999	173.164
WBGeneZK470	317.472132	305.85203
WBGeneZK484	937.506	710.5933010621101
WBGeneZK488	0.0	0.0
WBGeneZK507	0.0	0.0
WBGeneZK512	2928.7653999999998	90.23440000000001
WBGeneZK520	174.1046	84.6567
WBGeneZK524	50.851518	17.0998638
WBGeneZK525	157.655	0.0
WBGeneZK54	142.99727595800002	0.0
WBGeneZK546	874.85896	449.45405
WBGeneZK550	240.73049999999998	286.38289999999995
WBGeneZK563	481.36039999999997	109.621
WBGeneZK593	274.1291	332.4064
WBGeneZK596	0.0	0.0
WBGeneZK6	0.0	0.0
WBGeneZK616	505.63468944	69.8047
WBGeneZK617	33.90817	8.222650000000002
WBGeneZK622	82.45911000000001	63.46659164690001
WBGeneZK632	2994.6321999999996	1924.7905
WBGeneZK637	1176.8426	104.09136634000001
WBGeneZK643	74.6902	0.0
WBGeneZK652	2029.677	1448.41
WBGeneZK662	330.92626	80.9789
WBGeneZK666	0.0	0.0
WBGeneZK669	137.65	65.3816
WBGeneZK673	182.678	0.0
WBGeneZK675	0.0	343.58480000000003
WBGeneZK678	47.1181	137.1736
WBGeneZK682	102.645	56.6252
WBGeneZK686	194.126	369.5498
WBGeneZK688	736.8704	722.7466322881
WBGeneZK697	0.0	0.0
WBGeneZK721	129.82840000000002	143.048
WBGeneZK742	47.3256	438.713000624409
WBGeneZK75	0.0	0.0
WBGeneZK757	109.671	0.0
WBGeneZK770	343.027	0.0
WBGeneZK783	56.6015	188.593786483
WBGeneZK792	603.0015999999999	246.078
WBGeneZK795	0.0	133.87
WBGeneZK809	336.764	265.69230000000005
WBGeneZK813	0.0	0.0
WBGeneZK816	0.0	0.0
WBGeneZK822	0.0	1722.9214
WBGeneZK829	395.79830000000004	287.4144
WBGeneZK836	305.403	1214.0079
WBGeneZK84	125.03	0.0
WBGeneZK849	106.622	0.0
WBGeneZK856	860.0169999999999	141.9445
WBGeneZK858	306.630026	284.527541
WBGeneZK863	331.493	1666.18
WBGeneZK867	131.423	88.473
WBGeneZK892	264.021	184.086
WBGeneZK896	0.0	25.5025
WBGeneZK897	77.8205	0.0
WBGeneZK899	587.919	249.6345
WBGeneZK909	527.5310000000001	255.801
WBGeneZK930	214.5893	246.6132
WBGeneZK938	0.0	166.242
WBGeneZK945	328.2616	285.3016
WBGeneZK970	808.13	391.763
WBGeneZK971	0.0	0.0
WBGeneZK973	316.9166505	401.761571
WBGeneZK993	0.0	0.0
WBGeneZK994	24.0336	22.7035
WBGenecTel54X	0.0	0.0
WBGenecTel55X	194.172	0.0
WBGenecTel7X	0.0	0.0
