WormBaseID	SRR28479535	SRR28479537	SRR28479531	SRR28479538	SRR28479526	SRR28479528	SRR28479530	SRR28479534	SRR28479529	SRR28479539	SRR28479525	SRR28479532	SRR28479533	SRR28479536	SRR28479527	SRR28479540
WBGene00012747	0.0	0.0	0.0	0.0	0.0	0.0	0.0	0.0	0.0	0.0	0.0	0.0	0.0	18180.732759188195	0.0	0.0
WBGene00011554	0.0	0.0	0.0	0.0	0.0	0.0	0.0	0.0	0.0	0.0	0.0	0.0	0.0	0.0	0.0	0.0
WBGene00002259	25359.287298896797	31961.19648213005	0.0	0.0	0.0	0.0	0.0	31642.778081519373	0.0	46742.08054386251	0.0	65264.380989954116	0.0	0.0	0.0	28668.723335340062
WBGene00018196	0.0	0.0	0.0	0.0	0.0	0.0	0.0	0.0	0.0	0.0	0.0	0.0	0.0	0.0	0.0	0.0
WBGene00017813	0.0	0.0	0.0	0.0	0.0	0.0	0.0	0.0	36876.50617089155	0.0	0.0	61419.6628671945	63931.8683164662	0.0	0.0	0.0
WBGene00020516	12279.104636699918	7667.04325696736	0.0	6887.422185706533	0.0	0.0	8159.923367162871	0.0	0.0	0.0	0.0	0.0	13460.077244272745	8415.810380493826	0.0	0.0
WBGene00008357	0.0	0.0	0.0	0.0	0.0	0.0	0.0	0.0	0.0	0.0	0.0	0.0	0.0	0.0	0.0	0.0
WBGene00019885	0.0	0.0	22348.285133008427	0.0	11608.94374002239	0.0	0.0	0.0	0.0	0.0	0.0	23657.83632656196	0.0	0.0	0.0	0.0
WBGene00016717	0.0	0.0	0.0	0.0	0.0	0.0	0.0	0.0	0.0	7011.075954488162	0.0	0.0	0.0	0.0	0.0	0.0
WBGene00017841	0.0	18061.771119783523	0.0	0.0	0.0	0.0	0.0	0.0	0.0	0.0	0.0	0.0	0.0	9914.619542210312	0.0	16444.645629788665
WBGene00018645	0.0	0.0	0.0	0.0	0.0	0.0	0.0	0.0	0.0	0.0	0.0	0.0	0.0	0.0	0.0	0.0
WBGene00021321	0.0	0.0	0.0	0.0	0.0	0.0	0.0	0.0	0.0	0.0	0.0	0.0	0.0	0.0	0.0	0.0
WBGene00000609	198918.2904276195	87133.59673197489	0.0	0.0	0.0	0.0	0.0	0.0	0.0	18319.799898839083	0.0	0.0	0.0	81978.79730825362	0.0	79732.14419107168
WBGene00045399	0.0	0.0	0.0	0.0	0.0	0.0	0.0	0.0	0.0	0.0	0.0	0.0	0.0	18486.007171202702	0.0	30282.53625980221
WBGene00012840	0.0	0.0	0.0	0.0	0.0	0.0	0.0	0.0	0.0	0.0	0.0	0.0	0.0	0.0	6364.211207995317	0.0
WBGene00011753	22726.57140179039	0.0	0.0	0.0	0.0	0.0	0.0	0.0	0.0	0.0	0.0	0.0	0.0	0.0	0.0	0.0
WBGene00003562	0.0	0.0	0.0	0.0	0.0	0.0	0.0	0.0	0.0	0.0	0.0	0.0	0.0	0.0	0.0	0.0
WBGene00010924	9857.69192680788	0.0	0.0	0.0	0.0	0.0	0.0	0.0	0.0	0.0	0.0	0.0	0.0	0.0	0.0	0.0
WBGene00018257	0.0	0.0	0.0	0.0	0.0	0.0	0.0	0.0	0.0	0.0	0.0	0.0	0.0	0.0	0.0	0.0
WBGene00001694	0.0	0.0	0.0	0.0	0.0	0.0	0.0	0.0	0.0	22873.486758301577	0.0	0.0	0.0	51346.06583508285	55216.61685788294	0.0
WBGene00000669	0.0	0.7063492880411757	40142.392950747584	0.0	0.0	28629.7156179774	13321.250990003666	30921.969353007826	0.0	0.21595316356799044	0.0	42483.90878837752	0.0	0.30843557020151896	9272.076394348996	0.13488383570134813
WBGene00008708	0.0	0.0	0.0	0.0	28420.255905344307	0.0	0.0	0.0	0.0	0.0	0.0	0.0	0.0	0.0	0.0	0.0
WBGene00016423	0.0	0.0	0.0	0.0	0.0	4798.971879046117	0.0	0.0	0.0	0.0	3354.903605392117	0.0	0.0	0.0	0.0	0.0
WBGene00019184	10892.749579122707	0.0	0.0	0.0	11913.6840170623	0.0	0.0	0.0	0.0	0.0	0.0	0.0	0.0	0.0	10636.172454281974	0.0
WBGene00013548	0.0	0.0	0.0	0.0	0.0	0.0	0.0	0.0	0.0	0.0	0.0	0.0	0.0	0.0	0.0	0.0
WBGene00008341	0.0	129025.27975234199	0.0	0.0	0.0	0.0	0.0	0.0	0.0	15722.98016591161	0.0	0.0	0.0	0.0	0.0	0.0
WBGene00016394	0.0	0.0	0.0	0.0	0.0	0.0	0.0	0.0	0.0	0.0	0.0	0.0	0.0	0.0	0.0	0.0
WBGene00001758	0.0	0.0	0.0	0.0	17836.846238321104	99647.59676221815	44959.14175681425	0.0	87138.16866811542	0.0	0.0	0.0	151798.15526452175	0.0	0.0	35001.77225893952
WBGene00000778	14922.69023212866	0.0	0.0	0.0	42474.07411135226	0.0	0.0	0.0	0.0	27524.708563196164	34721.47535755386	0.0	0.0	0.0	0.0	0.0
WBGene00017501	0.0	0.0	0.0	0.0	0.0	0.0	0.0	0.0	0.0	0.0	0.0	0.0	0.0	0.0	0.0	0.0
WBGene00014003	76311.1855934371	0.0	0.0	0.0	0.0	0.0	0.0	0.0	0.0	0.0	0.0	0.0	0.0	13159.26268579869	0.0	0.0
WBGene00175027	0.0	0.0	0.0	0.0	0.0	0.0	0.0	0.0	0.0	0.0	0.0	0.0	0.0	0.0	61081.7855846306	0.0
WBGene00011586	0.0	0.0	0.0	0.0	0.0	0.0	0.0	0.0	0.0	0.0	0.0	0.0	0.0	0.0	0.0	0.0
WBGene00014099	0.0	0.0	0.0	0.0	24111.01982051003	0.0	0.0	0.0	0.0	0.0	96722.22954550896	0.0	0.0	0.0	0.0	22417.97423929615
WBGene00010659	9086.39312654228	0.0	0.0	0.0	0.0	0.0	0.0	0.0	0.0	0.0	0.0	0.0	0.0	6238.09640682533	0.0	0.0
WBGene00018877	0.0	0.0	0.0	0.0	2734.976395116965	0.0	0.0	0.0	0.0	0.0	2708.8901911711723	0.0	0.0	0.0	0.0	0.0
WBGene00009146	0.0	0.0	0.0	0.0	0.0	0.0	0.0	0.0	0.0	0.0	0.0	0.0	0.0	0.0	0.0	0.0
WBGene00003527	0.0	0.0	0.0	0.0	0.0	0.0	0.0	0.0	0.0	0.0	0.0	0.0	0.0	0.0	0.0	0.0
WBGene00000752	23270.524839386584	0.0	0.0	26932.047998236307	0.0	0.0	0.0	0.0	0.0	9463.308804868955	0.0	0.0	0.0	7058.368261901228	0.0	11764.006230875822
WBGene00016266	0.0	0.0	0.0	0.0	0.0	9067.536514833639	0.0	0.0	0.0	0.0	0.0	0.0	0.0	0.0	0.0	0.0
WBGene00019282	27250.633547842386	0.0	0.0	9061.804471399246	15967.695291924492	0.0	5261.096580650508	4083.4828130575347	5057.615128658588	18583.780348975975	41078.47529212584	0.0	0.0	2767.921378710747	7138.503652974614	4647.137549918014
WBGene00016943	91900.11336928821	73795.20240699536	0.0	44193.25195738424	60509.52294847428	0.0	0.0	0.0	0.0	46342.2065432718	20106.99696494888	0.0	0.0	54001.414211818985	48086.08502514745	82862.98164251
WBGene00009094	0.0	0.0	0.0	0.0	9050.28412116489	0.0	0.0	0.0	0.0	0.0	2989.3510278780514	0.0	0.0	0.0	5394.942415380743	0.0
WBGene00019619	0.0	0.0	0.0	0.0	0.0	0.0	10582.87459003326	16394.29213918556	0.0	0.0	0.0	16894.432648227954	17463.99361309539	0.0	0.0	0.0
WBGene00006679	0.0	0.0	0.0	0.0	0.0	0.0	0.0	0.0	0.0	0.0	0.0	8602.973101358573	0.0	0.0	0.0	0.0
WBGene00012857	0.0	0.0	0.0	0.0	0.0	0.0	0.0	0.0	0.0	0.0	0.0	0.0	0.0	0.0	4718.015378187402	0.0
WBGene00018637	0.0	0.0	13491.223063935511	0.0	0.0	9592.484545319263	0.0	0.0	8577.906364698682	0.0	0.0	0.0	0.0	0.0	0.0	0.0
WBGene00010746	0.0	0.0	0.0	0.0	0.0	0.0	0.0	0.0	0.0	0.0	0.0	0.0	0.0	0.0	0.0	0.0
WBGene00008583	0.0	0.0	0.0	0.0	5795.04770935242	0.0	0.0	0.0	0.0	0.0	0.0	0.0	0.0	0.0	0.0	0.0
WBGene00000082	0.0	0.0	0.0	0.0	3315.7212883082098	0.0	0.0	0.0	0.0	0.0	0.0	0.0	3635.427601917452	1185.9405906873767	4343.315571705646	3901.7956340142027
WBGene00009526	0.0	0.0	0.0	0.0	0.0	0.0	0.0	0.0	0.0	0.0	0.0	0.0	0.0	0.0	0.0	0.0
WBGene00007875	8230.90101642652	0.0	16863.73231952238	0.0	0.0	0.0	11178.634857294297	8656.585794463695	0.0	7576.248556769188	0.0	0.0	0.0	0.0	0.0	18872.074886982453
WBGene00003763	0.0	0.0	0.0	0.0	0.0	0.0	0.0	0.0	0.0	0.0	0.0	0.0	0.0	0.0	0.0	0.0
WBGene00007903	0.0	0.0	0.0	0.0	0.0	0.0	0.0	0.0	0.0	0.0	0.0	0.0	0.0	0.0	5441.597166616237	0.0
WBGene00011487	18090.363954426575	30119.626116968073	0.0	0.0	0.0	0.0	0.0	0.0	0.0	0.0	6102.567443029948	0.0	0.0	20663.29238867455	0.0	0.0
WBGene00007236	0.0	0.0	0.0	0.0	0.0	0.0	0.0	0.0	0.0	11430.382404448694	0.0	0.0	0.0	0.0	0.0	0.0
WBGene00019576	0.0	0.0	0.0	0.0	0.0	0.0	0.0	0.0	0.0	0.0	7839.700644013334	0.0	0.0	0.0	0.0	0.0
WBGene00003558	0.0	0.0	0.0	0.0	0.0	2086.0130072174975	1943.875134815296	0.0	0.0	0.0	0.0	0.0	0.0	0.0	1305.189535789005	0.0
WBGene00020343	0.0	5142.360465753846	0.0	0.0	0.0	0.0	0.0	0.0	0.0	3789.7145220601183	0.0	0.0	0.0	0.0	0.0	4738.011760661882
WBGene00077690	0.0	0.0	0.0	0.0	0.0	0.0	0.0	0.0	0.0	18093.7925401056	0.0	0.0	0.0	0.0	0.0	0.0
WBGene00269355	0.0	0.0	0.0	0.0	0.0	0.0	0.0	0.0	0.0	0.0	0.0	0.0	0.0	0.0	0.0	0.0
WBGene00010183	0.0	0.0	0.0	0.0	0.0	0.0	0.0	0.0	0.0	0.0	0.0	0.0	0.0	0.0	0.0	0.0
WBGene00016335	0.0	0.0	0.0	0.0	0.0	4935.097503755181	8638.009734817118	0.0	0.0	0.0	0.0	0.0	0.0	0.0	0.0	0.0
WBGene00009483	0.0	0.0	0.0	0.0	0.0	0.0	10068.155714036098	0.0	9666.871933903867	0.0	0.0	0.0	0.0	0.0	0.0	0.0
WBGene00016863	0.0	0.0	0.0	0.0	4789.744682882192	0.0	0.0	0.0	0.0	0.0	0.0	0.0	0.0	0.0	4282.48143529074	0.0
WBGene00022353	0.0	0.0	0.0	0.0	0.0	0.0	0.0	0.0	0.0	0.0	0.0	0.0	0.0	0.0	0.0	11717.86844876135
WBGene00011094	0.0	0.0	0.0	0.0	0.0	0.0	0.0	0.0	0.0	0.0	0.0	0.0	0.0	0.0	0.0	0.0
WBGene00044443	0.0	0.0	0.0	0.0	0.0	0.0	0.0	0.0	0.0	13735.946598743936	0.0	0.0	0.0	0.0	0.0	0.0
WBGene00016872	0.0	12616.622073793525	0.0	0.0	0.0	0.0	0.0	0.0	0.0	0.0	0.0	0.0	0.0	0.0	0.0	0.0
WBGene00001719	0.0	0.0	0.0	0.0	0.0	0.0	0.0	0.0	0.0	0.0	0.0	0.0	0.0	0.0	9906.358845669623	0.0
WBGene00016274	12563.684583294173	15747.679802127403	0.0	0.0	0.0	0.0	0.0	0.0	0.0	11578.419633879239	0.0	0.0	29530.284900287108	8642.56115763622	0.0	0.0
WBGene00000712	9958.611453473013	0.0	0.0	0.0	0.0	0.0	0.0	0.0	0.0	0.0	0.0	0.0	0.0	6840.315110462295	0.0	0.0
WBGene00045495	0.0	0.0	0.0	0.0	0.0	0.0	0.0	0.0	0.0	0.0	0.0	0.0	0.0	8670.797815729858	0.0	0.0
WBGene00013968	24719.755479500756	0.0	0.0	0.0	0.0	0.0	0.0	0.0	0.0	0.0	0.0	0.0	0.0	0.0	0.0	0.0
WBGene00044469	0.0	0.0	50627.667737399315	0.0	0.0	0.0	0.0	0.0	0.0	19997.16965210028	0.0	0.0	0.0	0.0	0.0	0.0
WBGene00008358	0.0	0.0	0.0	0.0	0.0	0.0	0.0	0.0	0.0	0.0	0.0	0.0	0.0	0.0	0.0	0.0
WBGene00044459	0.0	0.0	0.0	0.0	0.0	0.0	0.0	0.0	0.0	0.0	0.0	0.0	0.0	0.0	0.0	0.0
WBGene00005002	46673.92237033414	117644.02559883831	0.0	213556.9772752975	0.0	0.0	88806.1976814079	68544.97382355877	0.0	172104.8446215577	0.0	0.0	146900.5724411428	258122.86805124686	0.0	105444.84298429772
WBGene00007557	0.0	0.0	0.0	0.0	0.0	0.0	0.0	0.0	0.0	0.0	0.0	0.0	0.0	0.0	0.0	21719.910189698054
WBGene00001816	0.0	0.0	0.0	4530.902235699623	0.0	0.0	0.0	0.0	14751.12875571841	5331.296741112533	3961.8865408783554	0.0	0.0	0.0	0.0	0.0
WBGene00007353	0.0	0.0	0.0	0.0	0.0	0.0	0.0	0.0	0.0	0.0	0.0	0.0	0.0	0.0	0.0	0.0
WBGene00016076	0.0	0.0	0.0	0.0	0.0	0.0	0.0	0.0	0.0	0.0	0.0	0.0	0.0	0.0	0.0	0.0
WBGene00001781	0.0	0.0	0.0	0.0	0.0	0.0	0.0	0.0	0.0	0.0	0.0	0.0	0.0	0.0	0.0	0.0
WBGene00015045	0.0	0.0	0.0	0.0	0.0	0.0	0.0	0.0	0.0	0.0	0.0	0.0	0.0	0.0	0.0	0.0
WBGene00006692	0.0	0.0	0.0	0.0	0.0	0.0	0.0	0.0	0.0	0.0	0.0	0.0	0.0	0.0	0.0	0.0
WBGene00010595	9118.336921008524	0.0	0.0	0.0	0.0	0.0	0.0	0.0	0.0	0.0	0.0	0.0	0.0	6260.146725510166	0.0	0.0
WBGene00009647	0.0	0.0	0.0	0.0	0.0	0.0	0.0	0.0	0.0	0.0	2310.3426932214966	0.0	0.0	0.0	0.0	0.0
WBGene00019803	0.0	0.0	0.0	0.0	0.0	0.0	0.0	0.0	0.0	0.0	0.0	0.0	0.0	37717.49886660857	0.0	0.0
WBGene00009677	10233.727266183163	12809.921199465896	0.0	11505.02714368222	0.0	0.0	14195.868193580312	0.0	0.0	0.0	11105.587790502175	0.0	0.0	0.0	0.0	0.0
WBGene00016086	0.0	0.0	0.0	0.0	0.0	0.0	0.0	0.0	0.0	0.0	0.0	0.0	0.0	0.0	0.0	0.0
WBGene00010585	0.0	0.0	0.0	4319.45862238857	0.0	0.0	0.0	3886.35176241359	0.0	0.0	3766.0198324593225	0.0	0.0	0.0	0.0	0.0
WBGene00010079	0.0	0.0	0.0	0.0	0.0	0.0	0.0	0.0	0.0	0.0	20927.576061357744	0.0	0.0	0.0	0.0	0.0
WBGene00017512	0.0	0.0	0.0	0.0	0.0	0.0	0.0	0.0	0.0	0.0	0.0	0.0	0.0	0.0	0.0	0.0
WBGene00012257	6569.833074611452	0.0	0.0	0.0	33647.575182224035	0.0	0.0	0.0	0.0	6044.06323216305	13417.238723089034	0.0	0.0	4503.930718590835	24065.291732175523	0.0
WBGene00010125	0.0	0.0	0.0	0.0	0.0	0.0	0.0	0.0	0.0	0.0	0.0	0.0	0.0	0.0	0.0	0.0
WBGene00011429	0.0	0.0	0.0	0.0	0.0	0.0	0.0	0.0	0.0	0.0	0.0	0.0	0.0	0.0	0.0	0.0
WBGene00013931	0.0	0.0	0.0	0.0	0.0	0.0	0.0	0.0	0.0	0.0	0.0	0.0	0.0	0.0	0.0	0.0
WBGene00000401	0.0	0.0	0.0	0.0	3868.5622544102484	0.0	0.0	0.0	0.0	3607.867748303899	0.0	0.0	0.0	0.0	3458.974141280388	0.0
WBGene00021773	0.0	0.0	0.0	0.0	0.0	0.0	0.0	0.0	0.0	0.0	0.0	0.0	0.0	0.0	0.0	0.0
WBGene00015859	0.0	0.0	0.0	0.0	0.0	0.0	0.0	0.0	0.0	0.0	0.0	0.0	0.0	0.0	0.0	8432.965245103953
WBGene00004007	0.0	0.0	0.0	0.0	0.0	0.0	0.0	0.0	0.0	0.0	0.0	0.0	0.0	0.0	0.0	0.0
WBGene00002055	0.0	6614.279942959649	0.0	0.0	0.0	0.0	0.0	10832.404135598885	6709.778774502689	9746.073406057936	0.0	11163.99001227728	11516.204688181555	0.0	0.0	0.0
WBGene00008127	0.0	11379.637038676532	0.0	0.0	0.0	0.0	0.0	0.0	0.0	0.0	0.0	0.0	0.0	0.0	0.0	0.0
WBGene00022445	0.0	0.0	0.0	0.0	0.0	0.0	0.0	0.0	0.0	0.0	0.0	0.0	0.0	0.0	0.0	0.0
WBGene00004114	0.0	0.0	8077.313852536995	0.0	0.0	0.0	5336.116101683283	0.0	5129.639479561049	0.0	0.0	8537.066439029222	0.0	0.0	0.0	0.0
WBGene00010887	10847.209291323956	13582.686471534802	0.0	0.0	0.0	16279.403332007607	15146.128313507146	0.0	0.0	0.0	0.0	0.0	0.0	0.0	0.0	0.0
WBGene00021343	0.0	0.0	0.0	0.0	0.0	0.0	0.0	4291.919506661505	0.0	0.0	0.0	0.0	0.0	0.0	3755.0213751742904	0.0
WBGene00009634	0.0	0.0	0.0	0.0	0.0	0.0	0.0	0.0	0.0	0.0	0.0	0.0	0.0	0.0	0.0	0.0
WBGene00017850	0.0	0.0	0.0	0.0	0.0	0.0	0.0	0.0	0.0	0.0	0.0	0.0	0.0	0.0	0.0	0.0
WBGene00001572	0.0	0.0	12658.918379529641	7060.696587397291	0.0	8997.214451995374	0.0	6494.647941674714	0.0	0.0	0.0	26772.705438376135	0.0	4313.814095907884	5739.808586348088	7223.419049331303
WBGene00019105	0.0	0.0	0.0	0.0	0.0	0.0	0.0	0.0	10007.73927274095	0.0	0.0	0.0	0.0	0.0	0.0	0.0
WBGene00016596	10625.036405787248	0.0	0.0	0.0	0.0	0.0	0.0	0.0	0.0	0.0	0.0	0.0	0.0	0.0	0.0	0.0
WBGene00000768	0.0	0.0	0.0	0.0	13290.929394990824	0.0	0.0	5105.607643600534	0.0	0.0	0.0	0.0	0.0	0.0	4483.541196567505	0.0
WBGene00000606	0.0	0.0	0.0	0.0	0.0	0.0	0.0	0.0	0.0	0.0	0.0	0.0	0.0	0.0	0.0	0.0
WBGene00014137	10009.867703320579	0.0	0.0	0.0	0.0	0.0	0.0	0.0	0.0	0.0	0.0	0.0	0.0	0.0	0.0	0.0
WBGene00004168	0.0	0.0	69218.4989919032	0.0	0.0	0.0	0.0	0.0	0.0	0.0	0.0	0.0	0.0	0.0	0.0	0.0
WBGene00009546	0.0	0.0	0.0	0.0	7454.928216071259	0.0	0.0	0.0	0.0	0.0	0.0	0.0	0.0	0.0	0.0	0.0
WBGene00011107	0.0	0.0	0.0	0.0	0.0	0.0	0.0	0.0	0.0	2453.061704660157	10239.01966609622	0.0	0.0	0.0	2311.481552563284	0.0
WBGene00018901	0.0	23476.73402233333	0.0	0.0	0.0	0.0	0.0	0.0	0.0	0.0	0.0	0.0	0.0	0.0	0.0	0.0
WBGene00009840	0.0	0.0	0.0	0.0	0.0	0.0	0.0	0.0	0.0	0.0	0.0	0.0	0.0	0.0	0.0	0.0
WBGene00009883	0.0	0.0	0.0	0.0	0.0	23639.239489737087	0.0	0.0	0.0	0.0	0.0	34900.77934087508	0.0	0.0	0.0	0.0
WBGene00004156	6455.363906761751	0.0	0.0	0.0	6601.045187333255	0.0	0.0	0.0	0.0	5938.538516991498	0.0	0.0	0.0	0.0	11802.99863469121	7408.480840499848
WBGene00000133	0.0	0.0	0.0	0.0	0.0	0.0	0.0	0.0	0.0	0.0	0.0	0.0	0.0	0.0	0.0	0.0
WBGene00020836	0.0	0.0	0.0	7242.917642623268	0.0	0.0	0.0	0.0	0.0	0.0	0.0	0.0	0.0	0.0	23606.062612171263	0.0
WBGene00004359	0.0	0.0	0.0	0.0	0.0	0.0	0.0	0.0	0.0	0.0	0.0	0.0	0.0	0.0	0.0	0.0
WBGene00045246	0.0	0.0	0.0	0.0	0.0	0.0	0.0	0.0	0.0	0.0	0.0	0.0	0.0	0.0	15944.489934490599	0.0
WBGene00006672	0.0	0.0	17820.571370672267	0.0	8953.493356366158	0.0	5888.328671307205	11749.06389104228	0.0	0.0	0.0	12108.406461826276	0.0	0.0	5176.971940350833	0.0
WBGene00001210	6542.209048185378	0.0	0.0	0.0	26793.89296673893	0.0	0.0	0.0	0.0	18055.819448702194	13354.635857752679	0.0	0.0	0.0	17965.738421840037	0.0
WBGene00010411	0.0	0.0	0.0	0.0	0.0	0.0	0.0	0.0	0.0	0.0	0.0	0.0	0.0	0.0	0.0	0.0
WBGene00012259	0.0	0.0	0.0	0.0	0.0	0.0	0.0	0.0	0.0	0.0	0.0	0.0	0.0	0.0	0.0	0.0
WBGene00001458	0.0	0.0	0.0	0.0	0.0	59798.196497961144	55464.509671300926	0.0	0.0	0.0	0.0	0.0	0.0	0.0	0.0	0.0
WBGene00011321	0.0	0.0	0.0	0.0	0.0	10997.15232900854	0.0	0.0	0.0	0.0	0.0	0.0	0.0	0.0	0.0	0.0
WBGene00008352	0.0	0.0	0.0	0.0	0.0	0.0	0.0	0.0	0.0	0.0	0.0	0.0	0.0	0.0	0.0	0.0
WBGene00021148	0.0	6961.442154052882	0.0	0.0	0.0	0.0	0.0	0.0	0.0	0.0	0.0	0.0	0.0	0.0	0.0	0.0
WBGene00007867	0.0	0.0	0.0	0.0	0.0	11660.508366944472	0.0	16813.148453300102	0.0	0.0	0.0	0.0	0.0	0.0	0.0	0.0
WBGene00013896	0.0	0.0	0.0	0.0	0.0	0.0	0.0	0.0	0.0	0.0	0.0	0.0	0.0	0.0	0.0	0.0
WBGene00015137	0.0	9420.017291132377	0.0	0.0	0.0	0.0	0.0	0.0	0.0	0.0	0.0	0.0	0.0	0.0	0.0	0.0
WBGene00007521	0.0	0.0	0.0	0.0	0.0	0.0	0.0	0.0	0.0	0.0	0.0	0.0	0.0	0.0	0.0	0.0
WBGene00019846	0.0	0.0	0.0	37386.528348305634	0.0	0.0	0.0	0.0	0.0	0.0	0.0	0.0	0.0	0.0	0.0	0.0
WBGene00000703	0.0	0.0	0.0	13937.956994854101	0.0	0.0	0.0	0.0	0.0	0.0	0.0	0.0	0.0	0.0	0.0	0.0
WBGene00044554	0.0	0.0	0.0	0.0	0.0	0.0	0.0	0.0	0.0	0.0	0.0	0.0	0.0	0.0	0.0	0.0
WBGene00008538	8899.321870243048	0.0	0.0	18455.361815832814	0.0	0.0	0.0	0.0	0.0	11550.566274956434	0.0	0.0	11675.614976250872	0.0	16881.048127009253	18663.546362877434
WBGene00010976	0.0	0.0	0.0	0.0	8898.33884234677	12350.312285969792	0.0	8900.974136721305	0.0	0.0	0.0	0.0	18973.23316654401	0.0	7954.569742862665	0.0
WBGene00044502	0.0	0.0	0.0	0.0	0.0	0.0	0.0	0.0	0.0	0.0	0.0	0.0	0.0	0.0	0.0	0.0
WBGene00018716	0.0	0.0	0.0	0.0	0.0	0.0	0.0	0.0	0.0	0.0	0.0	0.0	0.0	0.0	0.0	0.0
WBGene00007509	0.0	0.0	0.0	0.0	0.0	0.0	0.0	0.0	0.0	0.0	0.0	0.0	0.0	0.0	6302.442669699923	0.0
WBGene00008953	0.0	0.0	0.0	0.0	0.0	0.0	0.0	0.0	0.0	0.0	0.0	0.0	0.0	0.0	4568.708987548375	0.0
WBGene00003762	44016.93706059424	0.0	0.0	100516.06942274344	0.0	0.0	0.0	191092.0023560048	0.0	0.0	0.0	0.0	0.0	30465.761560018374	0.0	0.0
WBGene00019313	0.0	0.0	0.0	0.0	0.0	0.0	0.0	0.0	0.0	0.0	0.0	0.0	0.0	0.0	19033.308905993366	0.0
WBGene00044736	0.0	0.0	0.0	16313.049292213083	0.0	0.0	0.0	0.0	0.0	0.0	0.0	0.0	0.0	0.0	0.0	0.0
WBGene00045390	0.0	0.0	0.0	0.0	0.0	0.0	0.0	0.0	0.0	0.0	0.0	0.0	0.0	0.0	0.0	0.0
WBGene00008043	0.0	0.0	0.0	0.0	0.0	0.0	0.0	8568.389941005908	0.0	7504.610488646974	0.0	0.0	0.0	0.0	0.0	0.0
WBGene00020585	0.0	0.0	0.0	0.0	0.0	0.0	0.0	0.0	0.0	0.0	0.0	0.0	0.0	0.0	0.0	0.0
WBGene00016165	0.0	0.0	0.0	0.0	0.0	0.0	0.0	0.0	0.0	0.0	0.0	0.0	0.0	0.0	0.0	0.0
WBGene00045249	0.0	0.0	0.0	0.0	73548.77618651211	0.0	0.0	0.0	0.0	0.0	0.0	0.0	0.0	0.0	0.0	0.0
WBGene00006886	0.0	0.0	0.0	0.0	0.0	9179.188211094386	0.0	0.0	0.0	0.0	0.0	13655.849777318257	0.0	0.0	0.0	0.0
WBGene00007449	0.0	0.0	0.0	102100.97326605309	0.0	0.0	0.0	0.0	0.0	83649.13041424233	0.0	0.0	0.0	60421.54824956469	0.0	0.0
WBGene00008810	0.0	0.0	0.0	0.0	0.0	0.0	0.0	0.0	0.0	0.0	0.0	0.0	0.0	0.0	0.0	0.0
WBGene00000968	0.0	0.0	0.0	0.0	0.0	0.0	0.0	0.0	0.0	0.0	0.0	0.0	0.0	0.0	0.0	0.0
WBGene00021587	0.0	0.0	9373.8796910606	0.0	0.0	6652.212689666962	0.0	0.0	0.0	0.0	0.0	0.0	0.0	0.0	0.0	0.0
WBGene00013895	0.0	0.0	10209.520117432825	0.0	0.0	7248.045667923655	0.0	9177.178097256474	6486.74845959799	0.0	5116.99769242628	0.0	11132.2564422971	0.0	0.0	0.0
WBGene00019577	0.0	0.0	0.0	0.0	0.0	0.0	0.0	0.0	0.0	0.0	0.0	14439.429458940489	14912.890758781801	0.0	0.0	0.0
WBGene00000425	0.0	2330.909311858512	0.0	0.0	0.0	0.0	0.0	0.0	0.0	0.0	5315.488905584413	0.0	0.0	1279.3043642974703	0.0	0.0
WBGene00020054	0.0	0.0	0.0	0.0	0.0	0.0	0.0	0.0	0.0	0.0	0.0	0.0	0.0	0.0	0.0	0.0
WBGene00021491	0.0	0.0	0.0	0.0	0.0	0.0	0.0	0.0	0.0	0.0	0.0	0.0	0.0	0.0	0.0	0.0
WBGene00007133	35021.886881677936	0.0	0.0	0.0	0.0	0.0	0.0	0.0	0.0	0.0	0.0	0.0	0.0	0.0	0.0	0.0
WBGene00020626	0.0	0.0	0.0	0.0	44230.05788262505	0.0	0.0	0.0	9201.49270703366	0.0	14712.87725530033	0.0	0.0	4893.8232285584	6590.277654563152	8186.528921640018
WBGene00002117	0.0	0.0	0.0	29566.486031230063	0.0	0.0	0.0	0.0	40796.12756989727	0.0	0.0	0.0	0.0	0.0	0.0	0.0
WBGene00003614	0.0	0.0	0.0	0.0	0.0	0.0	0.0	0.0	0.0	0.0	0.0	0.0	0.0	4943.901952327071	0.0	0.0
WBGene00011095	0.0	0.0	0.0	0.0	0.0	0.0	0.0	0.0	0.0	0.0	0.0	0.0	0.0	8516.996842903127	0.0	0.0
WBGene00001495	0.0	0.0	0.0	0.0	0.0	0.0	0.0	0.0	0.0	0.0	0.0	0.0	0.0	0.0	0.0	0.0
WBGene00005644	0.0	0.0	0.0	0.0	0.0	0.0	0.0	0.0	0.0	0.0	0.0	0.0	0.0	0.0	0.0	0.0
WBGene00012448	0.0	0.0	0.0	0.0	0.0	0.0	0.0	0.0	0.0	0.0	0.0	0.0	0.0	0.0	0.0	0.0
WBGene00020261	0.0	0.0	0.0	0.0	8279.43412760818	0.0	0.0	0.0	0.0	0.0	8274.573855874849	0.0	0.0	0.0	0.0	9082.30257140329
WBGene00008482	0.0	0.0	0.0	0.0	0.0	0.0	0.0	0.0	0.0	0.0	0.0	0.0	0.0	0.0	0.0	0.0
WBGene00012796	3868.4600399121528	0.0	0.0	0.0	3809.7092215880725	0.0	0.0	0.0	0.0	0.0	3779.936930984097	0.0	0.0	0.0	0.0	0.0
WBGene00001158	0.0	0.0	0.0	0.0	0.0	0.0	0.0	0.0	0.0	0.0	0.0	0.0	0.0	0.0	0.0	0.0
WBGene00008584	0.0	0.0	0.0	0.0	0.0	0.0	0.0	0.0	0.0	0.0	0.0	0.0	0.0	0.0	0.0	0.0
WBGene00001789	0.0	0.0	0.0	0.0	0.0	0.0	0.0	0.0	0.0	0.0	0.0	0.0	0.0	0.0	0.0	0.0
WBGene00017243	0.0	0.0	0.0	0.0	0.0	0.0	0.0	6331.626193416708	0.0	0.0	0.0	0.0	0.0	0.0	0.0	0.0
WBGene00017376	0.0	0.0	0.0	0.0	0.0	0.0	0.0	0.0	0.0	0.0	0.0	0.0	0.0	0.0	0.0	0.0
WBGene00013306	0.0	0.0	0.0	0.0	0.0	0.0	0.0	0.0	0.0	0.0	0.0	0.0	0.0	0.0	0.0	0.0
WBGene00001462	0.0	0.0	0.0	0.0	0.0	27237.84768344509	0.0	39008.16770258387	24200.810880805733	0.0	0.0	0.0	0.0	0.0	17869.161779926788	0.0
WBGene00018221	11063.103989036554	0.0	0.0	0.0	0.0	16642.733990005298	0.0	0.0	0.0	0.0	0.0	0.0	25572.47820398423	0.0	10831.286021773825	0.0
WBGene00022254	0.0	0.0	0.0	0.0	0.0	0.0	0.0	0.0	0.0	0.0	0.0	61630.05618758021	0.0	16698.828841796745	0.0	0.0
WBGene00002827	0.0	0.0	0.0	3602.296781083405	4114.040088369852	0.0	0.0	0.0	0.0	3824.20835305829	6220.196621795287	0.0	0.0	0.0	2805.865092966278	0.0
WBGene00015954	0.0	0.0	0.0	0.0	0.0	32457.487376110086	15099.084460687827	0.0	0.0	0.0	0.0	0.0	0.0	0.0	0.0	12381.433075697274
WBGene00008588	0.0	0.0	0.0	0.0	0.0	0.0	0.0	0.0	0.0	0.0	0.0	0.0	0.0	0.0	0.0	0.0
WBGene00009156	0.0	0.0	0.0	26660.07449596061	0.0	0.0	0.0	0.0	0.0	21790.964518090717	119726.3747541072	0.0	0.0	16322.25839936794	26136.200739047334	26732.83662685103
WBGene00010422	0.0	0.0	0.0	0.0	0.0	0.0	0.0	0.0	0.0	0.0	0.0	0.0	0.0	0.0	0.0	0.0
WBGene00077775	0.0	0.0	47281.32552434854	0.0	0.0	0.0	0.0	0.0	0.0	0.0	0.0	0.0	0.0	0.0	0.0	0.0
WBGene00008018	0.0	0.0	0.0	0.0	0.0	0.0	5492.761848762254	4262.90810218097	0.0	0.0	0.0	0.0	0.0	0.0	0.0	0.0
WBGene00016664	0.0	0.0	0.0	0.0	0.0	0.0	0.0	0.0	0.0	0.0	0.0	0.0	0.0	0.0	0.0	0.0
WBGene00002234	0.0	0.0	0.0	0.0	0.0	0.0	0.0	0.0	0.0	0.0	0.0	0.0	0.0	0.0	0.0	0.0
WBGene00011431	0.0	0.0	0.0	0.0	0.0	0.0	0.0	0.0	0.0	0.0	0.0	0.0	0.0	0.0	5520.237212991469	0.0
WBGene00011475	0.0	0.0	0.0	0.0	0.0	0.0	0.0	0.0	0.0	0.0	0.0	0.0	0.0	0.0	0.0	9063.930589696445
WBGene00008723	0.0	0.0	0.0	0.0	0.0	0.0	0.0	0.0	0.0	0.0	0.0	0.0	0.0	0.0	0.0	0.0
WBGene00017116	0.0	0.0	0.0	0.0	0.0	0.0	0.0	0.0	0.0	0.0	0.0	0.0	0.0	0.0	0.0	0.0
WBGene00008349	0.0	0.0	0.0	0.0	0.0	0.0	0.0	0.0	0.0	0.0	0.0	0.0	0.0	0.0	0.0	0.0
WBGene00003843	0.0	0.0	0.0	0.0	7022.552359879757	4977.452667260727	0.0	5802.443673688991	7188.764455116723	3290.4165593075913	0.0	0.0	0.0	0.0	0.0	0.0
WBGene00013853	0.0	0.0	21692.03349682699	0.0	0.0	0.0	0.0	11141.977500420513	0.0	0.0	0.0	0.0	23788.643888700954	0.0	0.0	0.0
WBGene00012513	0.0	0.0	0.0	0.0	0.0	0.0	0.0	0.0	0.0	0.0	0.0	0.0	0.0	0.0	0.0	0.0
WBGene00020080	0.0	0.0	0.0	0.0	0.0	0.0	0.0	0.0	0.0	0.0	0.0	0.0	0.0	0.0	0.0	0.0
WBGene00006809	0.0	0.0	0.0	0.0	1481.9282560105019	0.0	1973.4460077447811	0.0	0.0	0.0	0.0	0.0	0.0	0.0	1325.164195109355	0.0
WBGene00022597	0.0	0.0	0.0	0.0	0.0	0.0	0.0	0.0	0.0	0.0	0.0	177251.70984609495	0.0	0.0	0.0	0.0
WBGene00001433	0.0	11182.564645074137	0.0	0.0	0.0	0.0	0.0	0.0	0.0	8231.043437466536	0.0	0.0	0.0	6137.216198842205	0.0	0.0
WBGene00012177	0.0	0.0	0.0	0.0	0.0	0.0	0.0	0.0	0.0	0.0	0.0	0.0	0.0	0.0	0.0	0.0
WBGene00008969	0.0	0.0	0.0	0.0	0.0	0.0	0.0	7905.959172543184	0.0	0.0	0.0	0.0	0.0	0.0	0.0	0.0
WBGene00010175	0.0	0.0	0.0	0.0	20185.084433944965	0.0	0.0	0.0	0.0	0.0	28273.219707741573	0.0	0.0	0.0	0.0	0.0
WBGene00012252	0.0	0.0	0.0	0.0	0.0	0.0	0.0	0.0	0.0	0.0	0.0	0.0	0.0	0.0	0.0	0.0
WBGene00007072	0.0	0.0	0.0	0.0	0.0	0.0	0.0	0.0	0.0	0.0	0.0	0.0	0.0	0.0	0.0	0.0
WBGene00206388	0.0	0.0	0.0	0.0	0.0	0.0	0.0	0.0	0.0	0.0	0.0	0.0	0.0	0.0	0.0	0.0
WBGene00020884	0.0	0.0	0.0	0.0	0.0	0.0	0.0	0.0	0.0	0.0	0.0	21176.278640526783	0.0	0.0	4511.579787260993	0.0
WBGene00011362	0.0	0.0	0.0	0.0	0.0	0.0	0.0	0.0	0.0	0.0	0.0	0.0	0.0	0.0	0.0	0.0
WBGene00015753	0.0	0.0	0.0	0.0	0.0	0.0	0.0	0.0	0.0	0.0	0.0	0.0	0.0	0.0	0.0	0.0
WBGene00018100	0.0	4115.126004484125	0.0	0.0	0.0	0.0	0.0	0.0	0.0	0.0	0.0	6823.262309798744	0.0	0.0	2883.100269381338	0.0
WBGene00013221	0.0	0.0	0.0	0.0	0.0	0.0	0.0	0.0	0.0	0.0	0.0	0.0	0.0	0.0	0.0	0.0
WBGene00077701	0.0	0.0	0.0	0.0	8613.296606028072	0.0	0.0	0.0	0.0	0.0	0.0	0.0	0.0	0.0	0.0	0.0
WBGene00018523	0.0	0.0	0.0	0.0	0.0	0.0	0.0	0.0	0.0	0.0	0.0	0.0	0.0	0.0	0.0	0.0
WBGene00021412	0.0	0.0	0.0	0.0	0.0	0.0	0.0	0.0	0.0	0.0	0.0	0.0	0.0	0.0	0.0	0.0
WBGene00015456	0.0	0.0	0.0	0.0	0.0	0.0	0.0	0.0	0.0	0.0	0.0	0.0	0.0	0.0	0.0	0.0
WBGene00019227	0.0	0.0	0.0	0.0	0.0	0.0	0.0	0.0	0.0	0.0	6414.145114212347	0.0	0.0	0.0	8891.193278170163	0.0
WBGene00012404	0.0	0.0	0.0	0.0	0.0	0.0	0.0	0.0	0.0	0.0	0.0	8035.781484371111	0.0	0.0	0.0	0.0
WBGene00006468	0.0	0.0	0.0	2090.3123336314084	1788.08771528744	2552.151128353623	2378.1310275750425	0.0	4575.683522446245	0.0	1768.3302955426695	0.0	3918.9902463042336	0.0	0.0	0.0
WBGene00015050	0.0	0.0	0.0	0.0	0.0	28473.572879767446	0.0	0.0	0.0	0.0	0.0	0.0	0.0	0.0	0.0	11012.51261069008
WBGene00010703	3031.8493454166573	0.0	0.0	0.0	2950.565657269227	0.0	0.0	0.0	3755.644376976936	0.0	10350.019361942606	6251.798882464913	0.0	0.0	5276.580487666499	3486.7218572618553
WBGene00007340	0.0	3290.0955812016305	0.0	0.0	0.0	0.0	0.0	0.0	0.0	0.0	0.0	0.0	0.0	1805.7373476323587	0.0	0.0
WBGene00021171	0.0	0.0	7576.211281590818	0.0	0.0	2681.2908112938876	0.0	1941.2706436006388	4806.999654229849	0.0	0.0	0.0	0.0	0.0	0.0	0.0
WBGene00018025	0.0	0.0	0.0	0.0	0.0	0.0	0.0	0.0	0.0	0.0	0.0	0.0	0.0	0.0	0.0	0.0
WBGene00006982	0.0	0.0	0.0	0.0	10740.993992792886	0.0	0.0	0.0	0.0	0.0	0.0	0.0	0.0	0.0	0.0	0.0
WBGene00022240	0.0	0.0	0.0	0.0	0.0	0.0	0.0	0.0	4648.471631837156	0.0	0.0	7736.896857766616	0.0	0.0	0.0	0.0
WBGene00017013	4891.29865204394	0.0	0.0	0.0	0.0	0.0	0.0	0.0	0.0	0.0	0.0	0.0	0.0	0.0	0.0	0.0
WBGene00020457	0.0	0.0	0.0	0.0	0.0	0.0	5807.492936230513	0.0	5582.09899351318	0.0	0.0	0.0	0.0	0.0	0.0	0.0
WBGene00022546	0.0	0.0	0.0	0.0	0.0	0.0	0.0	0.0	0.0	0.0	0.0	0.0	0.0	0.0	0.0	0.0
WBGene00001702	0.0	0.0	0.0	0.0	0.0	0.0	0.0	0.0	0.0	0.0	0.0	0.0	0.0	0.0	0.0	0.0
WBGene00007994	0.0	0.0	27154.125647739562	0.0	0.0	0.0	0.0	0.0	0.0	0.0	0.0	0.0	0.0	0.0	0.0	0.0
WBGene00021345	22148.884417676603	73626.05219607514	0.0	0.0	0.0	0.0	0.0	0.0	0.0	20427.981120560267	0.0	0.0	0.0	0.0	0.0	0.0
WBGene00000657	0.0	0.0	0.0	0.0	0.0	0.0	0.0	0.0	0.0	8809.69937854791	0.0	0.0	0.0	0.0	0.0	10958.66738440771
WBGene00008084	0.0	0.0	0.0	0.0	0.0	0.0	0.0	5571.743446271724	0.0	0.0	0.0	0.0	0.0	0.0	0.0	0.0
WBGene00021337	0.0	0.0	0.0	0.0	0.0	0.0	0.0	0.0	0.0	0.0	0.0	0.0	0.0	0.0	0.0	0.0
WBGene00015865	0.0	0.0	8559.291502876053	0.0	0.0	0.0	0.0	0.0	0.0	0.0	0.0	0.0	0.0	0.0	0.0	0.0
WBGene00023423	0.0	0.0	0.0	0.0	0.0	29575.285197566885	0.0	0.0	0.0	0.0	0.0	0.0	0.0	0.0	0.0	0.0
WBGene00008255	0.0	0.0	0.0	0.0	0.0	0.0	0.0	0.0	0.0	0.0	0.0	0.0	0.0	0.0	0.0	0.0
WBGene00008621	0.0	0.0	0.0	0.0	0.0	11067.088854221593	0.0	0.0	0.0	0.0	0.0	0.0	0.0	0.0	0.0	0.0
WBGene00022614	19697.95753165718	0.0	45115.613584590625	0.0	0.0	0.0	0.0	0.0	0.0	0.0	0.0	0.0	0.0	0.0	0.0	0.0
WBGene00003107	0.0	0.0	0.0	0.0	0.0	0.0	0.0	0.0	0.0	0.0	3006.9279862224894	0.0	0.0	0.0	0.0	0.0
WBGene00010961	11625.142355738015	14563.304902720458	147720.73851417608	13078.911473649527	89977.56012574997	52789.73933184784	81846.02109625464	126507.77704876215	94109.80749580117	21424.437445483705	90356.80230214172	78208.05515048344	135196.43046905287	7992.628014400682	103241.6063754601	26599.82680453904
WBGene00017201	20634.24817903665	25958.358436082515	0.0	0.0	0.0	0.0	0.0	49185.61404052475	0.0	19048.227880633392	0.0	0.0	0.0	0.0	0.0	0.0
WBGene00019605	0.0	0.0	0.0	0.0	6179.7234081111865	0.0	0.0	6258.31708972042	0.0	0.0	0.0	0.0	13314.751039054796	0.0	0.0	0.0
WBGene00000692	0.0	0.0	0.0	0.0	0.0	0.0	29466.547035453354	0.0	17404.579779921278	0.0	11553.519317992184	0.0	0.0	0.0	0.0	0.0
WBGene00022033	0.0	0.0	0.0	0.0	0.0	0.0	0.0	0.0	0.0	0.0	0.0	0.0	0.0	18815.169428459114	0.0	0.0
WBGene00000964	0.0	0.0	20925.183482560988	0.0	0.0	0.0	0.0	0.0	0.0	0.0	0.0	22122.116066490376	0.0	0.0	14154.228205709045	0.0
WBGene00017504	0.0	0.0	0.0	0.0	0.0	0.0	0.0	0.0	0.0	0.0	0.0	0.0	0.0	0.0	0.0	0.0
WBGene00219207	0.0	0.0	0.0	0.0	0.0	0.0	0.0	0.0	0.0	0.0	0.0	0.0	0.0	0.0	0.0	0.0
WBGene00002151	0.0	0.0	0.0	0.0	0.0	0.0	0.0	0.0	5757.089541308191	0.0	0.0	0.0	0.0	0.0	0.0	0.0
WBGene00018250	0.0	0.0	0.0	0.0	0.0	0.0	0.0	0.0	0.0	0.0	0.0	0.0	0.0	0.0	0.0	0.0
WBGene00020258	0.0	0.0	0.0	0.0	0.0	0.0	0.0	0.0	0.0	0.0	0.0	0.0	0.0	0.0	0.0	0.0
WBGene00015284	0.0	0.0	0.0	0.0	0.0	0.0	0.0	0.0	0.0	0.0	0.0	0.0	0.0	0.0	0.0	0.0
WBGene00004819	0.0	0.0	0.0	0.0	0.0	0.0	0.0	0.0	0.0	0.0	32222.978949963108	0.0	0.0	17377.488650207808	28099.09811595798	0.0
WBGene00044083	0.0	0.0	0.0	0.0	0.0	0.0	0.0	0.0	0.0	0.0	0.0	0.0	0.0	0.0	0.0	0.0
WBGene00219307	0.0	0.0	0.0	0.0	0.0	0.0	0.0	0.0	0.0	0.0	0.0	0.0	0.0	0.0	0.0	0.0
WBGene00011217	0.0	0.0	0.0	0.0	0.0	0.0	0.0	0.0	0.0	0.0	0.0	0.0	0.0	0.0	11202.367719625874	0.0
WBGene00019472	0.0	0.0	0.0	0.0	0.0	0.0	0.0	0.0	0.0	0.0	0.0	0.0	0.0	0.0	0.0	0.0
WBGene00019208	0.0	0.0	0.0	0.0	0.0	0.0	0.0	0.0	0.0	0.0	0.0	0.0	0.0	0.0	0.0	0.0
WBGene00019138	0.0	0.0	0.0	0.0	0.0	0.0	0.0	0.0	0.0	0.0	0.0	0.0	0.0	0.0	0.0	0.0
WBGene00017069	0.0	0.0	0.0	0.0	0.0	0.0	0.0	0.0	0.0	49729.81108575502	0.0	0.0	0.0	0.0	0.0	121189.7619417094
WBGene00004154	0.0	0.0	0.0	0.0	0.0	0.0	0.0	0.0	0.0	0.0	0.0	0.0	0.0	0.0	0.0	0.0
WBGene00009431	0.0	6627.863707507735	0.0	0.0	0.0	0.0	0.0	0.0	0.0	0.0	0.0	0.0	0.0	0.0	0.0	0.0
WBGene00000932	0.0	0.0	0.0	0.0	0.0	0.0	0.0	0.0	0.0	0.0	0.0	0.0	0.0	0.0	0.0	0.0
WBGene00003693	0.0	0.0	0.0	0.0	0.0	0.0	0.0	0.0	0.0	0.0	0.0	0.0	0.0	0.0	7244.620342059264	0.0
WBGene00016189	0.0	0.0	0.0	0.0	2337.106871435914	0.0	0.0	0.0	0.0	0.0	0.0	0.0	0.0	0.0	0.0	2786.555777436151
WBGene00016896	0.0	0.0	0.0	0.0	0.0	0.0	0.0	0.0	0.0	0.0	0.0	0.0	0.0	0.0	0.0	0.0
WBGene00015351	0.0	0.0	0.0	0.0	0.0	0.0	0.0	0.0	0.0	0.0	0.0	0.0	0.0	0.0	29926.409206014774	0.0
WBGene00012293	0.0	0.0	0.0	0.0	0.0	0.0	0.0	0.0	0.0	0.0	0.0	0.0	0.0	0.0	0.0	0.0
WBGene00003171	0.0	7183.536704414092	0.0	0.0	0.0	16358.901190325865	0.0	0.0	0.0	10583.601741833612	0.0	0.0	0.0	3942.554105229005	5206.023344271421	0.0
WBGene00008284	0.0	0.0	0.0	0.0	0.0	0.0	0.0	0.0	0.0	0.0	0.0	0.0	0.0	0.0	0.0	11053.246868773127
WBGene00012922	0.0	7042.4596068932515	0.0	0.0	0.0	0.0	0.0	0.0	0.0	0.0	5672.325238001647	0.0	0.0	0.0	0.0	0.0
WBGene00016846	0.0	0.0	14082.835433568858	0.0	0.0	0.0	0.0	10522.312842107622	0.0	0.0	0.0	0.0	0.0	0.0	6408.173836330386	0.0
WBGene00016595	0.0	0.0	0.0	0.0	0.0	0.0	0.0	0.0	0.0	0.0	0.0	0.0	0.0	0.0	0.0	0.0
WBGene00020797	0.0	0.0	0.0	0.0	0.0	0.0	0.0	0.0	0.0	0.0	0.0	0.0	0.0	0.0	0.0	0.0
WBGene00023284	0.0	0.0	0.0	0.0	0.0	0.0	0.0	0.0	0.0	0.0	0.0	0.0	0.0	0.0	0.0	0.0
WBGene00017969	4865.0333379081585	12141.944968196514	9655.712823418196	5454.003890138382	4860.271393385978	6853.10863541127	6382.758279087072	4951.923409357942	6134.129509060463	0.0	0.0	10207.140019100594	0.0	0.0	0.0	5588.716457239976
WBGene00011462	0.0	0.0	0.0	0.0	0.0	0.0	0.0	0.0	0.0	0.0	0.0	0.0	0.0	0.0	0.0	0.0
WBGene00017027	0.0	0.0	0.0	0.0	8140.234639844958	0.0	0.0	0.0	0.0	0.0	0.0	0.0	0.0	0.0	0.0	0.0
WBGene00004854	0.0	2220.2663153846956	0.0	1994.9369565302593	3409.1205958153096	0.0	2267.82861692778	0.0	0.0	0.0	5056.4896152761785	3632.8327771385757	0.0	0.0	3048.463265111956	2051.3439846066367
WBGene00014666	0.0	0.0	0.0	0.0	0.0	3599.3252936908893	3353.5133361180942	2604.8038602315864	0.0	7205.770213229727	0.0	0.0	0.0	0.0	0.0	0.0
WBGene00020576	1633.4483571600283	0.0	0.0	0.0	1558.9156305863303	2227.0896205201548	4150.619243053631	3225.5487697697167	0.0	0.0	0.0	3324.7093822289817	6839.571384001815	0.0	0.0	0.0
WBGene00010059	0.0	0.0	0.0	0.0	12317.532475456375	8639.82107342592	0.0	0.0	0.0	0.0	6133.933083765139	0.0	13270.614932284898	0.0	5506.195047668629	0.0
WBGene00043982	0.0	0.0	0.0	0.0	0.0	0.0	0.0	0.0	0.0	0.0	0.0	0.0	0.0	0.0	0.0	0.0
WBGene00007532	0.0	0.0	0.0	0.0	0.0	0.0	0.0	0.0	0.0	0.0	0.0	0.0	0.0	0.0	0.0	0.0
WBGene00006416	0.0	0.0	0.0	0.0	0.0	0.0	0.0	0.0	0.0	0.0	0.0	0.0	0.0	0.0	0.0	0.0
WBGene00002260	0.0	0.0	0.0	0.0	0.0	0.0	0.0	0.0	0.0	0.0	0.0	0.0	0.0	0.0	0.0	0.0
WBGene00017140	0.0	0.0	0.0	0.0	0.0	0.0	0.0	0.0	0.0	0.0	36272.98303680657	0.0	0.0	0.0	0.0	0.0
WBGene00020651	0.0	0.0	0.0	0.0	0.0	0.0	0.0	0.0	0.0	0.0	0.0	0.0	0.0	13594.143970971843	0.0	0.0
WBGene00044921	0.0	0.0	0.0	0.0	0.0	0.0	0.0	0.0	0.0	0.0	0.0	0.0	0.0	0.0	0.0	0.0
WBGene00017422	0.0	0.0	0.0	0.0	11446.956322797378	0.0	0.0	0.0	0.0	0.0	3217.715044213354	0.0	0.0	0.0	0.0	0.0
WBGene00009722	0.0	0.0	0.0	0.0	0.0	8342.879994489353	0.0	0.0	0.0	0.0	0.0	0.0	12814.452121461896	0.0	0.0	0.0
WBGene00008847	0.0	0.0	0.0	0.0	0.0	0.0	0.0	0.0	0.0	0.0	0.0	0.0	0.0	0.0	0.0	0.0
WBGene00011677	0.0	0.0	0.0	0.0	0.0	0.0	0.0	0.0	0.0	0.0	0.0	0.0	0.0	0.0	0.0	0.0
WBGene00009405	0.0	0.0	0.0	0.0	0.0	0.0	0.0	0.0	0.0	0.0	0.0	0.0	0.0	0.0	0.0	0.0
WBGene00018569	0.0	0.0	0.0	0.0	0.0	0.0	0.0	18165.10801526125	0.0	0.0	0.0	0.0	0.0	0.0	0.0	0.0
WBGene00012322	5792.190493514628	0.0	0.0	0.0	0.0	0.0	0.0	0.0	0.0	0.0	0.0	0.0	0.0	0.0	0.0	0.0
WBGene00195165	0.0	0.0	0.0	6078.959208990026	0.0	0.0	0.0	0.0	0.0	0.0	0.0	0.0	0.0	0.0	0.0	0.0
WBGene00000666	0.0	0.0	0.0	0.0	0.0	0.0	0.0	0.0	0.0	0.0	0.0	0.0	0.0	0.0	0.0	0.0
WBGene00023401	0.0	0.0	0.0	0.0	0.0	0.0	0.0	0.0	0.0	0.0	0.0	0.0	0.0	0.0	0.0	0.0
WBGene00014130	0.0	0.0	0.0	0.0	0.0	0.0	0.0	0.0	0.0	0.0	0.0	0.0	0.0	0.0	0.0	0.0
WBGene00006306	0.0	0.0	0.0	0.0	0.0	0.0	5307.015751196141	0.0	0.0	0.0	0.0	8490.609391374617	0.0	0.0	0.0	0.0
WBGene00044661	0.0	0.0	0.0	0.0	0.0	0.0	0.0	0.0	0.0	0.0	0.0	0.0	0.0	0.0	0.0	0.0
WBGene00022140	0.0	0.0	0.0	0.0	0.0	0.0	0.0	0.0	0.0	0.0	0.0	0.0	0.0	0.0	0.0	0.0
WBGene00014759	0.0	0.0	0.0	0.0	0.0	0.0	0.0	0.0	0.0	0.0	0.0	0.0	0.0	0.0	0.0	0.0
WBGene00007562	0.0	0.0	0.0	0.0	0.0	5322.572424688622	0.0	0.0	0.0	0.0	0.0	0.0	0.0	0.0	6721.046537775106	0.0
WBGene00002235	0.0	5911.589646734044	0.0	0.0	0.0	0.0	0.0	4816.4036734575375	0.0	0.0	0.0	0.0	10236.437006922759	0.0	0.0	0.0
WBGene00010219	0.0	0.0	0.0	0.0	0.0	0.0	0.0	0.0	0.0	0.0	0.0	0.0	0.0	0.0	0.0	0.0
WBGene00007147	0.0	0.0	0.0	0.0	0.0	0.0	0.0	0.0	0.0	0.0	0.0	0.0	0.0	0.0	0.0	0.0
WBGene00003966	0.0	0.0	0.0	0.0	0.0	0.0	0.0	0.0	0.0	16785.35931956584	0.0	0.0	0.0	0.0	0.0	0.0
WBGene00020479	5616.579272601789	0.0	0.0	0.0	5672.811710774994	0.0	7425.0881033157575	0.0	7134.017733213497	0.0	0.0	11868.883124941412	0.0	0.0	5071.841927377745	6449.12374532065
WBGene00015370	0.0	0.0	0.0	0.0	0.0	0.0	0.0	0.0	0.0	0.0	0.0	0.0	0.0	0.0	0.0	0.0
WBGene00012588	0.0	0.0	0.0	0.0	0.0	0.0	0.0	0.0	0.0	0.0	0.0	0.0	0.0	0.0	0.0	0.0
WBGene00006681	0.0	0.0	0.0	0.0	0.0	0.0	0.0	0.0	0.0	0.0	0.0	0.0	13855.777177122356	0.0	0.0	0.0
WBGene00010722	0.0	0.0	0.0	0.0	0.0	0.0	0.0	3868.4758243302003	9582.280867704043	0.0	0.0	7974.164394593314	0.0	0.0	0.0	0.0
WBGene00012819	0.0	0.0	0.0	0.0	0.0	0.0	0.0	0.0	0.0	16904.44529547784	3826.3914674670245	0.0	0.0	0.0	0.0	0.0
WBGene00019977	0.0	0.0	0.0	0.0	0.0	0.0	0.0	5617.239780408632	0.0	0.0	0.0	0.0	0.0	0.0	0.0	0.0
WBGene00015704	0.0	0.0	0.0	0.0	0.0	0.0	0.0	0.0	0.0	0.0	0.0	0.0	0.0	0.0	4956.407356603766	0.0
WBGene00018763	12563.684583294173	0.0	0.0	14141.78820921841	0.0	0.0	0.0	0.0	0.0	0.0	0.0	0.0	0.0	0.0	0.0	14365.535844774404
WBGene00011760	0.0	0.0	0.0	0.0	0.0	0.0	0.0	0.0	0.0	10406.265477411604	0.0	0.0	0.0	0.0	10223.53274272436	0.0
WBGene00045308	0.0	0.0	0.0	0.0	0.0	0.0	0.0	8277.82239045844	0.0	0.0	0.0	0.0	0.0	0.0	0.0	0.0
WBGene00011345	0.0	0.0	0.0	0.0	0.0	0.0	0.0	4192.062859155943	0.0	0.0	4069.972795684088	0.0	0.0	0.0	0.0	0.0
WBGene00020260	0.0	0.0	0.0	0.0	0.0	0.0	0.0	0.0	0.0	0.0	0.0	0.0	0.0	0.0	0.0	0.0
WBGene00013717	13385.00273670169	0.0	0.0	0.0	0.0	0.0	0.0	0.0	0.0	0.0	0.0	0.0	0.0	0.0	0.0	0.0
WBGene00019285	0.0	0.0	0.0	0.0	0.0	0.0	0.0	0.0	7272.456981918372	5260.612819195631	0.0	0.0	0.0	0.0	5172.848810374699	0.0
WBGene00007176	0.0	0.0	0.0	0.0	0.0	0.0	0.0	0.0	0.0	0.0	0.0	9137.055967886012	0.0	0.0	0.0	0.0
WBGene00016204	0.0	0.0	0.0	0.0	0.0	0.0	0.0	14459.90254791007	0.0	0.0	0.0	0.0	30956.18615457062	0.0	0.0	0.0
WBGene00043067	0.0	0.0	0.0	0.0	0.0	0.0	0.0	0.0	0.0	0.0	0.0	0.0	0.0	0.0	0.0	0.0
WBGene00019717	0.0	0.0	0.0	0.0	0.0	0.0	0.0	0.0	0.0	0.0	0.0	0.0	0.0	0.0	0.0	0.0
WBGene00017948	0.0	0.0	0.0	0.0	0.0	0.0	0.0	0.0	0.0	0.0	0.0	0.0	0.0	0.0	0.0	0.0
WBGene00018210	0.0	25928.71133091804	0.0	0.0	0.0	0.0	0.0	0.0	0.0	0.0	0.0	0.0	23753.388827805487	0.0	10044.2974729219	0.0
WBGene00004221	0.0	0.0	0.0	0.0	0.0	0.0	0.0	0.0	0.0	0.0	5214.593954283984	0.0	0.0	0.0	7062.640675125304	0.0
WBGene00020914	0.0	0.0	0.0	0.0	0.0	0.0	0.0	0.0	0.0	0.0	0.0	0.0	0.0	0.0	0.0	0.0
WBGene00015333	0.0	0.0	0.0	0.0	0.0	0.0	0.0	0.0	0.0	0.0	0.0	0.0	0.0	0.0	0.0	0.0
WBGene00018241	0.0	0.0	0.0	0.0	0.0	0.0	0.0	0.0	0.0	0.0	0.0	0.0	0.0	0.0	0.0	0.0
WBGene00007837	0.0	0.0	0.0	0.0	7341.869187053361	0.0	0.0	0.0	0.0	0.0	0.0	0.0	0.0	0.0	0.0	0.0
WBGene00013331	0.0	0.0	0.0	0.0	0.0	0.0	0.0	0.0	0.0	0.0	0.0	0.0	0.0	0.0	0.0	0.0
WBGene00045053	0.0	0.0	0.0	0.0	0.0	0.0	0.0	0.0	0.0	0.0	0.0	0.0	0.0	0.0	0.0	0.0
WBGene00219886	0.0	0.0	0.0	0.0	0.0	0.0	0.0	0.0	0.0	0.0	0.0	0.0	0.0	0.0	0.0	0.0
WBGene00010460	0.0	0.0	0.0	0.0	0.0	0.0	0.0	0.0	0.0	0.0	0.0	0.0	0.0	0.0	0.0	0.0
WBGene00021633	0.0	0.0	0.0	0.0	0.0	0.0	0.0	0.0	0.0	0.0	18099.45148974594	0.0	0.0	0.0	0.0	0.0
WBGene00004017	0.0	0.0	0.0	0.0	0.0	0.0	0.0	0.0	0.0	0.0	0.0	0.0	0.0	0.0	0.0	0.0
WBGene00009702	0.0	0.0	0.0	0.0	0.0	0.0	0.0	0.0	0.0	0.0	0.0	0.0	0.0	0.0	0.0	0.0
WBGene00007041	0.0	0.0	0.0	0.0	2362.9615154727344	0.0	3135.2350004411364	0.0	0.0	0.0	2339.019621150574	10041.063400645016	5167.297495359367	0.0	0.0	0.0
WBGene00009958	0.0	0.0	4826.0388029754295	0.0	3554.244945238598	0.0	0.0	2473.44013195595	0.0	0.0	0.0	0.0	0.0	0.0	0.0	0.0
WBGene00016246	0.0	0.0	0.0	0.0	0.0	0.0	7482.2219628190005	0.0	0.0	0.0	0.0	0.0	0.0	0.0	0.0	0.0
WBGene00001440	0.0	0.0	0.0	0.0	0.0	0.0	0.0	0.0	0.0	0.0	0.0	0.0	0.0	0.0	0.0	0.0
WBGene00011161	0.0	0.0	0.0	0.0	0.0	0.0	0.0	0.0	0.0	0.0	0.0	0.0	0.0	0.0	0.0	0.0
WBGene00019532	0.0	0.0	0.0	0.0	0.0	0.0	0.0	0.0	0.0	0.0	0.0	0.0	0.0	0.0	0.0	0.0
WBGene00021275	0.0	7466.035883952227	0.0	0.0	0.0	0.0	0.0	0.0	0.0	0.0	0.0	0.0	0.0	0.0	0.0	0.0
WBGene00007916	0.0	0.0	9948.29445766739	0.0	0.0	0.0	0.0	0.0	0.0	0.0	0.0	0.0	0.0	0.0	0.0	0.0
WBGene00020551	0.0	0.0	0.0	0.0	0.0	0.0	0.0	0.0	0.0	0.0	0.0	0.0	0.0	0.0	4759.58180804417	0.0
WBGene00001941	0.0	0.0	0.0	0.0	0.0	0.0	0.0	0.0	0.0	0.0	0.0	0.0	0.0	0.0	0.0	0.0
WBGene00007338	0.0	0.0	0.0	0.0	0.0	0.0	0.0	0.0	0.0	0.0	0.0	0.0	0.0	0.0	0.0	0.0
WBGene00011793	0.0	0.0	0.0	6701.746364135399	0.0	0.0	0.0	0.0	0.0	0.0	0.0	0.0	0.0	0.0	0.0	0.0
WBGene00009738	0.0	0.0	0.0	0.0	0.0	0.0	0.0	0.0	0.0	0.0	0.0	0.0	0.0	0.0	0.0	0.0
WBGene00008234	0.0	30964.622517983153	0.0	0.0	0.0	0.0	0.0	0.0	0.0	0.0	0.0	0.0	0.0	0.0	0.0	0.0
WBGene00019426	0.0	0.0	0.0	5278.620889678339	0.0	0.0	0.0	0.0	0.0	0.0	0.0	0.0	0.0	0.0	4196.686353536955	0.0
WBGene00003015	0.0	0.0	0.0	0.0	0.0	0.0	0.0	0.0	0.0	0.0	0.0	0.0	0.0	0.0	0.0	0.0
WBGene00016175	0.0	0.0	0.0	0.0	0.0	0.0	0.0	9762.141534703842	0.0	0.0	0.0	0.0	0.0	0.0	0.0	0.0
WBGene00020835	9661.849948414074	0.0	0.0	0.0	0.0	0.0	0.0	0.0	0.0	0.0	0.0	0.0	0.0	0.0	0.0	0.0
WBGene00002184	0.0	66668.2539407661	0.0	0.0	0.0	0.0	0.0	0.0	0.0	0.0	4443.7841358175265	0.0	0.0	0.0	0.0	0.0
WBGene00003007	0.0	0.0	0.0	0.0	0.0	0.0	0.0	0.0	5857.905661783674	0.0	0.0	0.0	10050.293873696068	0.0	0.0	0.0
WBGene00010906	0.0	0.0	0.0	0.0	8176.849821420855	0.0	0.0	0.0	0.0	0.0	0.0	0.0	0.0	5373.864791415802	0.0	0.0
WBGene00020531	0.0	0.0	0.0	0.0	0.0	0.0	0.0	0.0	0.0	0.0	0.0	0.0	0.0	0.0	0.0	0.0
WBGene00002109	0.0	0.0	0.0	0.0	0.0	0.0	0.0	0.0	0.0	0.0	0.0	0.0	0.0	0.0	0.0	0.0
WBGene00012224	0.0	0.0	0.0	0.0	0.0	0.0	0.0	0.0	0.0	0.0	0.0	0.0	0.0	0.0	0.0	0.0
WBGene00000727	0.0	0.0	0.0	0.0	0.0	12804.78403856707	0.0	9226.52930049166	0.0	0.0	0.0	0.0	0.0	0.0	0.0	0.0
WBGene00016663	0.0	0.0	0.0	0.0	0.0	0.0	0.0	0.0	0.0	0.0	0.0	0.0	0.0	0.0	0.0	0.0
WBGene00010873	0.0	0.0	0.0	0.0	5488.445774346313	0.0	7189.226163634202	0.0	0.0	0.0	5460.374408796197	0.0	0.0	0.0	0.0	0.0
WBGene00008023	0.0	0.0	0.0	0.0	0.0	0.0	0.0	0.0	0.0	0.0	0.0	0.0	0.0	0.0	0.0	0.0
WBGene00015789	0.0	0.0	0.0	0.0	0.0	0.0	0.0	0.0	0.0	0.0	0.0	0.0	0.0	0.0	0.0	0.0
WBGene00016463	0.0	0.0	0.0	0.0	0.0	0.0	0.0	0.0	0.0	13132.328650877074	16440.79659866754	0.0	0.0	0.0	0.0	0.0
WBGene00021975	0.0	0.0	0.0	0.0	21195.864288207875	0.0	0.0	0.0	0.0	0.0	0.0	0.0	0.0	24405.66022568786	0.0	0.0
WBGene00016003	0.0	0.0	0.0	0.0	0.0	0.0	0.0	0.0	0.0	0.0	0.0	0.0	0.0	0.0	0.0	0.0
WBGene00011530	1766.1947913653137	0.0	0.0	0.0	5066.104331839852	0.0	0.0	1745.9893382053895	0.0	0.0	0.0	0.0	0.0	0.0	1510.0522473765634	2032.7344853599507
WBGene00006163	0.0	0.0	0.0	0.0	0.0	0.0	0.0	0.0	0.0	0.0	0.0	0.0	0.0	0.0	0.0	0.0
WBGene00010072	0.0	0.0	0.0	0.0	0.0	0.0	0.0	0.0	0.0	0.0	0.0	0.0	0.0	0.0	1650.532709114919	0.0
WBGene00020222	0.0	0.0	0.0	0.0	0.0	0.0	8794.179901963214	0.0	0.0	0.0	0.0	0.0	0.0	0.0	0.0	0.0
WBGene00012989	0.0	0.0	15089.710614214111	0.0	0.0	0.0	0.0	0.0	9597.491856087472	0.0	0.0	0.0	0.0	0.0	0.0	0.0
WBGene00016805	5997.571569229243	0.0	0.0	6727.657111724082	6091.592056507933	0.0	0.0	0.0	0.0	0.0	4452.075002470406	0.0	0.0	0.0	5446.164627556518	0.0
WBGene00001592	0.0	0.0	12000.8135533669	0.0	0.0	0.0	7940.128317105398	0.0	0.0	0.0	0.0	0.0	13097.120561364212	4100.75901670418	0.0	0.0
WBGene00194717	0.0	0.0	0.0	0.0	0.0	0.0	0.0	0.0	0.0	0.0	0.0	0.0	0.0	0.0	0.0	0.0
WBGene00020449	0.0	0.0	0.0	0.0	0.0	0.0	0.0	0.0	0.0	0.0	0.0	0.0	0.0	0.0	0.0	0.0
WBGene00008762	0.0	0.0	0.0	0.0	0.0	0.0	0.0	0.0	0.0	0.0	0.0	0.0	0.0	0.0	0.0	0.0
WBGene00020448	0.0	0.0	0.0	0.0	0.0	0.0	0.0	0.0	0.0	0.0	0.0	0.0	0.0	0.0	0.0	0.0
WBGene00012178	0.0	0.0	0.0	0.0	12214.25294430242	0.0	0.0	0.0	0.0	0.0	0.0	0.0	0.0	0.0	0.0	0.0
WBGene00010944	0.0	0.0	21285.740125324624	22919.158193524596	0.0	0.0	0.0	0.0	0.0	0.0	11062.006565018019	0.0	0.0	0.0	0.0	0.0
WBGene00022891	0.0	0.0	0.0	0.0	0.0	0.0	0.0	0.0	0.0	0.0	0.0	0.0	0.0	0.0	0.0	0.0
WBGene00021034	0.0	0.0	0.0	0.0	0.0	0.0	0.0	0.0	0.0	0.0	0.0	0.0	0.0	0.0	0.0	0.0
WBGene00003633	0.0	0.0	0.0	0.0	0.0	0.0	0.0	0.0	0.0	0.0	5338.250665340041	0.0	0.0	0.0	4798.271273319429	0.0
WBGene00001487	0.0	0.0	0.0	0.0	0.0	0.0	0.0	0.0	0.0	0.0	0.0	0.0	0.0	0.0	0.0	7526.62567508428
WBGene00018476	0.0	0.0	0.0	0.0	0.0	0.0	0.0	0.0	0.0	0.0	0.0	0.0	0.0	0.0	0.0	0.0
WBGene00022040	0.0	0.0	0.0	0.0	0.0	0.0	0.0	0.0	0.0	0.0	0.0	0.0	0.0	0.0	0.0	0.0
WBGene00004264	0.0	0.0	0.0	2392.0325654376525	6160.6896934692	0.0	0.0	0.0	0.0	1962.9678795447508	2031.7438904579556	0.0	0.0	0.0	7345.18289409207	4917.373130874201
WBGene00022664	0.0	0.0	0.0	0.0	0.0	7402.237585750051	6893.788197226542	5347.324953719029	0.0	0.0	0.0	11021.981181843874	0.0	0.0	0.0	0.0
WBGene00021011	0.0	0.0	0.0	0.0	0.0	0.0	0.0	0.0	0.0	0.0	0.0	13764.2880399569	0.0	0.0	0.0	0.0
WBGene00020859	0.0	0.0	0.0	0.0	0.0	0.0	0.0	0.0	0.0	0.0	0.0	0.0	0.0	0.0	0.0	0.0
WBGene00013970	0.0	0.0	0.0	0.0	0.0	0.0	0.0	5081.612748234461	6294.916716225715	0.0	0.0	0.0	0.0	0.0	0.0	0.0
WBGene00017711	0.0	0.0	0.0	0.0	0.0	0.0	0.0	0.0	0.0	0.0	0.0	22595.656456653553	0.0	0.0	12101.419151347365	0.0
WBGene00013585	4819.821015144996	6014.416588209954	0.0	0.0	0.0	0.0	0.0	0.0	0.0	0.0	4782.104466910277	0.0	0.0	0.0	4302.3456430996885	0.0
WBGene00016782	0.0	0.0	0.0	0.0	0.0	0.0	0.0	11839.257469368657	0.0	0.0	0.0	0.0	25290.078886684165	0.0	0.0	0.0
WBGene00020920	0.0	5629.73731312677	0.0	0.0	4485.027580007839	0.0	0.0	0.0	0.0	8296.966266197323	4454.843975360283	0.0	0.0	0.0	0.0	0.0
WBGene00000503	0.0	10611.604522668425	0.0	23833.59910612567	42118.81415340384	0.0	0.0	0.0	0.0	7820.0666446685345	29271.815669940228	0.0	0.0	0.0	30127.27293892501	29327.121955784405
WBGene00008929	0.0	0.0	0.0	0.0	6551.313428053585	0.0	0.0	0.0	0.0	0.0	6528.997294079431	0.0	0.0	0.0	0.0	0.0
WBGene00002252	0.0	0.0	13442.150593230426	0.0	0.0	0.0	0.0	6897.167305752778	0.0	0.0	0.0	0.0	3911.338193646769	0.0	0.0	0.0
WBGene00013090	0.0	0.0	0.0	0.0	0.0	0.0	0.0	0.0	0.0	0.0	0.0	0.0	0.0	0.0	0.0	0.0
WBGene00010871	0.0	0.0	0.0	0.0	0.0	0.0	0.0	0.0	0.0	0.0	0.0	0.0	0.0	0.0	0.0	0.0
WBGene00021641	0.0	0.0	0.0	0.0	0.0	0.0	0.0	0.0	0.0	0.0	0.0	0.0	24002.32723489179	0.0	0.0	11968.152556370738
WBGene00007610	0.0	0.0	0.0	0.0	0.0	0.0	0.0	0.0	0.0	0.0	0.0	0.0	0.0	0.0	0.0	0.0
WBGene00021494	0.0	0.0	0.0	0.0	0.0	0.0	0.0	0.0	9637.027589607267	0.0	0.0	0.0	0.0	0.0	0.0	0.0
WBGene00009213	0.0	0.0	0.0	0.0	0.0	0.0	0.0	0.0	0.0	0.0	0.0	0.0	0.0	0.0	0.0	0.0
WBGene00018042	0.0	0.0	0.0	0.0	0.0	0.0	0.0	0.0	0.0	0.0	0.0	0.0	0.0	0.0	0.0	0.0
WBGene00005712	0.0	20408.63596460328	0.0	0.0	0.0	0.0	0.0	0.0	0.0	0.0	0.0	0.0	0.0	0.0	7654.51565648538	9357.22912377137
WBGene00014052	0.0	0.0	0.0	0.0	0.0	0.0	0.0	0.0	0.0	11430.18964763954	0.0	0.0	0.0	0.0	12372.265011110834	0.0
WBGene00000012	0.0	0.0	0.0	0.0	0.0	0.0	0.0	0.0	0.0	0.0	0.0	0.0	0.0	0.0	0.0	0.0
WBGene00013009	10467.800597296911	0.0	0.0	11769.614593771716	0.0	0.0	0.0	0.0	0.0	0.0	0.0	0.0	0.0	0.0	0.0	0.0
WBGene00077772	0.0	0.0	0.0	0.0	0.0	0.0	0.0	0.0	0.0	0.0	0.0	0.0	0.0	0.0	0.0	0.0
WBGene00020850	0.0	0.0	0.0	0.0	0.0	0.0	0.0	0.0	0.0	0.0	0.0	0.0	0.0	0.0	0.0	0.0
WBGene00004349	0.0	0.0	7068.622545710058	0.0	7070.414736471374	3853.078447851456	14003.836728793258	3623.9395024526943	7196.745587683092	0.0	3506.025317112407	0.0	0.0	0.0	3160.977013224554	0.0
WBGene00022584	0.0	0.0	0.0	0.0	0.0	0.0	0.0	0.0	8649.2118840826	0.0	0.0	0.0	0.0	0.0	0.0	0.0
WBGene00015560	0.0	0.0	0.0	0.0	0.0	0.0	0.0	0.0	0.0	0.0	0.0	0.0	0.0	0.0	0.0	0.0
WBGene00008051	0.0	0.0	0.0	0.0	0.0	0.0	0.0	0.0	0.0	0.0	0.0	0.0	0.0	0.0	0.0	0.0
WBGene00007963	0.0	0.0	0.0	0.0	0.0	0.0	0.0	0.0	0.0	0.0	0.0	0.0	0.0	7511.747314415549	0.0	0.0
WBGene00013280	0.0	0.0	0.0	0.0	0.0	0.0	0.0	0.0	0.0	0.0	13636.027711431225	0.0	0.0	0.0	0.0	0.0
WBGene00022592	0.0	0.0	0.0	0.0	0.0	0.0	0.0	0.0	0.0	0.0	0.0	0.0	0.0	0.0	0.0	0.0
WBGene00000246	0.0	0.0	0.0	0.0	0.0	0.0	0.0	0.0	0.0	0.0	0.0	0.0	0.0	0.0	0.0	0.0
WBGene00013352	0.0	0.0	0.0	36677.229078682554	19138.230128635758	0.0	0.0	0.0	0.0	14996.768887422577	0.0	0.0	0.0	0.0	16988.40632908196	37095.370613884195
WBGene00015537	0.0	0.0	0.0	0.0	0.0	0.0	0.0	0.0	0.0	0.0	0.0	0.0	0.0	0.0	0.0	0.0
WBGene00009969	0.0	0.0	88501.68202342442	0.0	0.0	0.0	0.0	0.0	0.0	0.0	0.0	0.0	0.0	0.0	0.0	0.0
WBGene00006682	0.0	0.0	0.0	0.0	0.0	0.0	0.0	0.0	0.0	0.0	0.0	0.0	10050.293873696068	0.0	0.0	0.0
WBGene00021590	0.0	0.0	0.0	0.0	0.0	0.0	0.0	22904.28556744345	0.0	0.0	0.0	0.0	0.0	0.0	0.0	8401.35166055087
WBGene00012974	0.0	0.0	0.0	0.0	0.0	0.0	0.0	0.0	0.0	0.0	0.0	0.0	0.0	0.0	0.0	0.0
WBGene00009226	0.0	0.0	0.0	0.0	0.0	7208.011440921872	0.0	5207.49901087966	6450.9994278276545	0.0	0.0	0.0	0.0	0.0	0.0	0.0
WBGene00045457	0.0	0.0	0.0	0.0	0.0	0.0	0.0	0.0	0.0	0.0	0.0	0.0	0.0	0.0	0.0	0.0
WBGene00012610	0.0	0.0	0.0	0.0	0.0	0.0	0.0	0.0	11827.538279592123	0.0	0.0	19662.405892829567	0.0	0.0	0.0	0.0
WBGene00017894	0.0	0.0	0.0	0.0	0.0	0.0	0.0	0.0	0.0	0.0	0.0	0.0	0.0	0.0	0.0	0.0
WBGene00001207	0.0	0.0	0.0	0.0	4479.496679162197	12651.417171258623	0.0	3680.3345355949136	0.0	0.0	0.0	0.0	0.0	0.0	4005.1470365949376	0.0
WBGene00021692	0.0	0.0	0.0	0.0	36993.69294661887	0.0	0.0	0.0	0.0	0.0	0.0	0.0	0.0	0.0	0.0	0.0
WBGene00009125	0.0	0.0	0.0	0.0	0.0	0.0	0.0	0.0	0.0	0.0	0.0	0.0	0.0	0.0	0.0	0.0
WBGene00021458	0.0	0.0	0.0	31855.090040086132	0.0	0.0	0.0	0.0	0.0	25984.29252283914	0.0	0.0	0.0	0.0	0.0	0.0
WBGene00003774	0.0	0.0	0.0	0.0	0.0	0.0	0.0	0.0	0.0	0.0	0.0	0.0	0.0	0.0	4572.505403580283	0.0
WBGene00012948	0.0	0.0	0.0	0.0	0.0	0.0	0.0	0.0	0.0	0.0	0.0	0.0	0.0	0.0	0.0	0.0
WBGene00000190	0.0	0.0	0.0	0.0	0.0	0.0	0.0	0.0	0.0	13839.74614047356	0.0	0.0	0.0	0.0	0.0	17132.971460253208
WBGene00000748	0.0	0.0	0.0	0.0	0.0	0.0	0.0	0.0	0.0	0.0	0.0	0.0	0.0	0.0	0.0	0.0
WBGene00007590	0.0	0.0	52927.32824900631	0.0	0.0	0.0	0.0	0.0	0.0	0.0	28273.219707741573	0.0	0.0	0.0	0.0	0.0
WBGene00013900	0.0	0.0	0.0	0.0	0.0	0.0	0.0	0.0	0.0	0.0	0.0	0.0	0.0	0.0	0.0	0.0
WBGene00008610	0.0	0.0	0.0	0.0	0.0	29272.02130157688	0.0	10536.955425496293	13064.89121226772	0.0	0.0	43430.10145844476	44973.97513825076	0.0	0.0	0.0
WBGene00001150	0.0	0.0	0.0	0.0	0.0	0.0	0.0	0.0	0.0	0.0	6971.085887471382	0.0	0.0	0.0	0.0	0.0
WBGene00003092	0.0	0.0	0.0	0.0	0.0	0.0	0.0	0.0	0.0	0.0	0.0	0.0	0.0	0.0	8073.232247405599	0.0
WBGene00019840	0.0	0.0	0.0	0.0	0.0	13713.11068356129	0.0	9876.825740122946	12245.038192816604	0.0	0.0	0.0	0.0	0.0	0.0	0.0
WBGene00009484	0.0	0.0	0.0	0.0	0.0	0.0	0.0	0.0	0.0	0.0	0.0	0.0	0.0	0.0	0.0	0.0
WBGene00018921	0.0	0.0	0.0	0.0	0.0	0.0	0.0	0.0	0.0	0.0	0.0	0.0	0.0	0.0	0.0	0.0
WBGene00012038	0.0	0.0	0.0	0.0	0.0	0.0	0.0	0.0	0.0	0.0	0.0	0.0	0.0	0.0	0.0	0.0
WBGene00012467	0.0	10204.328763067155	0.0	0.0	0.0	0.0	0.0	0.0	0.0	0.0	0.0	0.0	0.0	0.0	0.0	0.0
WBGene00008403	0.0	0.0	0.0	0.0	6275.857571552545	0.0	0.0	0.0	0.0	0.0	0.0	0.0	0.0	0.0	0.0	0.0
WBGene00008611	0.0	0.0	0.0	0.0	0.0	0.0	0.0	0.0	0.0	0.0	0.0	0.0	0.0	0.0	0.0	0.0
WBGene00000555	0.0	0.0	0.0	0.0	0.0	0.0	0.0	0.0	0.0	0.0	0.0	0.0	0.0	0.0	0.0	0.0
WBGene00006980	0.0	0.0	0.0	0.0	0.0	0.0	0.0	0.0	0.0	0.0	0.0	0.0	0.0	0.0	0.0	0.0
WBGene00011643	0.0	0.0	0.0	0.0	0.0	0.0	0.0	0.0	0.0	0.0	0.0	0.0	0.0	0.0	0.0	0.0
WBGene00044238	0.0	0.0	0.0	0.0	0.0	0.0	0.0	0.0	0.0	0.0	0.0	0.0	0.0	0.0	0.0	0.0
WBGene00018946	0.0	0.0	0.0	0.0	0.0	0.0	0.0	0.0	0.0	0.0	0.0	0.0	0.0	0.0	0.0	0.0
WBGene00010295	0.0	0.0	0.0	0.0	0.0	0.0	0.0	0.0	0.0	0.0	0.0	0.0	0.0	0.0	0.0	0.0
WBGene00001455	0.0	0.0	90400.0898402782	0.0	0.0	0.0	0.0	0.0	58423.930208879996	0.0	0.0	0.0	0.0	0.0	0.0	0.0
WBGene00008563	0.0	0.0	0.0	58752.8286346188	0.0	0.0	0.0	0.0	0.0	36080.315915916806	29624.077177582883	0.0	0.0	0.0	26246.760737773457	0.0
WBGene00013739	3433.1848446801378	12842.047880698672	0.0	0.0	0.0	0.0	0.0	3447.2962301832977	0.0	0.0	6662.975451907612	0.0	0.0	2349.40633007256	3004.4875682191177	10233.110679572806
WBGene00009831	3147.124370210945	0.0	0.0	0.0	3067.741963033951	0.0	0.0	0.0	0.0	0.0	0.0	0.0	0.0	0.0	2743.0510700493605	0.0
WBGene00004994	0.0	0.0	0.0	0.0	0.0	0.0	0.0	0.0	0.0	0.0	0.0	0.0	0.0	0.0	0.0	0.0
WBGene00002141	0.0	0.0	0.0	0.0	0.0	0.0	0.0	0.0	0.0	0.0	0.0	0.0	0.0	0.0	0.0	0.0
WBGene00021553	0.0	0.0	0.0	0.0	0.0	0.0	0.0	0.0	0.0	0.0	0.0	0.0	0.0	0.0	0.0	0.0
WBGene00009416	0.0	0.0	0.0	0.0	0.0	0.0	0.0	0.0	0.0	0.0	0.0	0.0	0.0	0.0	0.0	0.0
WBGene00020912	0.0	0.0	0.0	0.0	18620.82825902529	25219.018462796645	0.0	18250.559293668422	22639.64418107522	0.0	0.0	37173.0982498614	0.0	0.0	0.0	0.0
WBGene00002090	0.0	0.0	0.0	0.0	0.0	0.0	0.0	0.0	0.0	0.0	0.0	0.0	0.0	0.0	0.0	0.0
WBGene00019012	0.0	0.0	0.0	0.0	0.0	9377.04612035204	0.0	0.0	0.0	0.0	6677.3179288763395	0.0	0.0	0.0	0.0	0.0
WBGene00019913	0.0	0.0	0.0	0.0	0.0	0.0	0.0	0.0	0.0	0.0	0.0	0.0	0.0	0.0	0.0	0.0
WBGene00015701	0.0	0.0	0.0	0.0	0.0	0.0	0.0	0.0	0.0	0.0	0.0	0.0	0.0	4625.464725075422	0.0	0.0
WBGene00010786	0.0	0.0	0.0	0.0	0.0	0.0	0.0	0.0	0.0	0.0	0.0	0.0	0.0	0.0	0.0	0.0
WBGene00009299	0.0	0.0	0.0	0.0	0.0	0.0	0.0	0.0	0.0	0.0	0.0	0.0	0.0	0.0	0.0	0.0
WBGene00022815	0.0	0.0	0.0	0.0	0.0	0.0	4187.7769397148895	0.0	0.0	0.0	0.0	0.0	0.0	0.0	0.0	0.0
WBGene00002094	0.0	0.0	0.0	0.0	0.0	0.0	0.0	0.0	0.0	0.0	0.0	0.0	0.0	0.0	0.0	0.0
WBGene00044053	0.0	0.0	0.0	0.0	0.0	0.0	0.0	0.0	0.0	0.0	0.0	0.0	0.0	0.0	0.0	0.0
WBGene00017692	0.0	0.0	0.0	6496.568982195218	0.0	0.0	0.0	0.0	0.0	0.0	0.0	0.0	0.0	0.0	0.0	0.0
WBGene00020830	4421.000539182993	0.0	0.0	0.0	0.0	0.0	0.0	0.0	0.0	0.0	0.0	0.0	0.0	0.0	3925.2524086738777	0.0
WBGene00044418	0.0	0.0	0.0	0.0	17836.846238321104	79012.85198574082	73235.45360891546	0.0	0.0	0.0	0.0	0.0	0.0	0.0	0.0	0.0
WBGene00014002	0.0	0.0	0.0	0.0	0.0	0.0	0.0	0.0	0.0	0.0	0.0	0.0	0.0	0.0	0.0	0.0
WBGene00019672	0.0	0.0	0.0	0.0	0.0	0.0	0.0	0.0	0.0	0.0	0.0	0.0	0.0	0.0	0.0	0.0
WBGene00194815	0.0	0.0	0.0	0.0	0.0	0.0	0.0	0.0	0.0	0.0	0.0	0.0	0.0	0.0	0.0	0.0
WBGene00010744	0.0	0.0	0.0	0.0	7416.8530620654365	0.0	0.0	0.0	0.0	0.0	0.0	0.0	0.0	0.0	13261.318996139004	0.0
WBGene00007257	0.0	0.0	0.0	0.0	0.0	0.0	0.0	0.0	0.0	0.0	0.0	0.0	0.0	0.0	0.0	0.0
WBGene00009216	0.0	0.0	0.0	0.0	0.0	0.0	0.0	0.0	0.0	0.0	0.0	0.0	0.0	0.0	0.0	0.0
WBGene00206361	0.0	0.0	0.0	0.0	0.0	0.0	0.0	0.0	0.0	0.0	15289.224916813635	0.0	0.0	0.0	0.0	0.0
WBGene00219707	0.0	0.0	0.0	0.0	0.0	0.0	0.0	0.0	0.0	0.0	0.0	0.0	0.0	0.0	0.0	0.0
WBGene00001253	6520.282242948942	0.0	0.0	0.0	0.0	0.0	0.0	0.0	0.0	0.0	6652.509536984714	0.0	0.0	0.0	0.0	0.0
WBGene00016785	0.0	0.0	0.0	0.0	0.0	0.0	0.0	0.0	0.0	0.0	0.0	0.0	0.0	0.0	0.0	0.0
WBGene00002103	0.0	0.0	0.0	0.0	0.0	0.0	0.0	0.0	0.0	0.0	0.0	0.0	0.0	0.0	0.0	0.0
WBGene00077490	0.0	0.0	0.0	0.0	0.0	0.0	0.0	0.0	8633.230719072164	0.0	6882.703483229848	0.0	0.0	0.0	0.0	0.0
WBGene00008594	0.0	0.0	0.0	0.0	0.0	0.0	0.0	0.0	0.0	0.0	0.0	0.0	0.0	4976.309795705257	0.0	0.0
WBGene00005040	0.0	0.0	0.0	0.0	0.0	0.0	0.0	0.0	0.0	0.0	0.0	0.0	0.0	0.0	0.0	10496.719521167379
WBGene00019858	0.0	0.0	0.0	0.0	0.0	0.0	0.0	6053.076755906195	0.0	0.0	0.0	0.0	0.0	0.0	0.0	0.0
WBGene00045417	0.0	0.0	0.0	0.0	0.0	0.0	0.0	0.0	0.0	0.0	0.0	0.0	0.0	0.0	0.0	0.0
WBGene00000135	0.0	0.0	0.0	0.0	0.0	0.0	0.0	0.0	0.0	0.0	0.0	0.0	0.0	0.0	0.0	0.0
WBGene00017792	0.0	0.0	0.0	0.0	8298.359696144245	0.0	0.0	0.0	10316.387556014819	0.0	0.0	0.0	0.0	0.0	0.0	0.0
WBGene00011772	0.0	0.0	0.0	0.0	0.0	0.0	0.0	0.0	0.0	0.0	0.0	0.0	0.0	0.0	0.0	0.0
WBGene00016924	0.0	0.0	0.0	0.0	0.0	0.0	0.0	0.0	0.0	0.0	0.0	0.0	0.0	0.0	0.0	0.0
WBGene00012822	0.0	0.0	0.0	0.0	0.0	0.0	0.0	0.0	0.0	0.0	0.0	0.0	0.0	0.0	0.0	0.0
WBGene00003740	0.0	0.0	0.0	0.0	0.0	0.0	23011.19212228882	0.0	0.0	0.0	0.0	36496.71347651504	0.0	0.0	0.0	0.0
WBGene00021061	0.0	4693.643443515398	0.0	0.0	0.0	0.0	0.0	0.0	0.0	10378.02660487049	3671.401219709283	0.0	0.0	0.0	6618.3097109777555	8652.835231736466
WBGene00220094	0.0	0.0	0.0	0.0	0.0	0.0	0.0	0.0	0.0	0.0	0.0	0.0	0.0	0.0	0.0	0.0
WBGene00009104	0.0	0.0	0.0	0.0	0.0	0.0	0.0	0.0	0.0	0.0	0.0	0.0	0.0	0.0	0.0	0.0
WBGene00016099	0.0	0.0	0.0	0.0	0.0	0.0	0.0	0.0	0.0	0.0	0.0	0.0	0.0	0.0	0.0	0.0
WBGene00011911	0.0	0.0	0.0	0.0	0.0	0.0	0.0	0.0	0.0	0.0	0.0	0.0	0.0	0.0	0.0	0.0
WBGene00045238	0.0	0.0	0.0	0.0	0.0	0.0	0.0	0.0	0.0	0.0	0.0	0.0	0.0	0.0	0.0	0.0
WBGene00019146	0.0	5070.765401973021	0.0	0.0	0.0	0.0	0.0	0.0	0.0	0.0	0.0	0.0	0.0	0.0	0.0	0.0
WBGene00009349	0.0	0.0	0.0	0.0	0.0	0.0	0.0	0.0	0.0	0.0	0.0	0.0	0.0	0.0	0.0	0.0
WBGene00018062	0.0	0.0	0.0	0.0	0.0	0.0	0.0	0.0	0.0	0.0	0.0	0.0	0.0	0.0	0.0	0.0
WBGene00015729	0.0	0.0	0.0	0.0	0.0	0.0	0.0	32161.372659443557	0.0	0.0	0.0	0.0	0.0	0.0	0.0	0.0
WBGene00013499	0.0	0.0	6087.143480568674	0.0	0.0	8626.327256543576	4018.2841076925	6240.714913933836	3864.1045004754833	0.0	3009.456178861073	6432.227362707882	6623.6903404784225	0.0	0.0	0.0
WBGene00007658	0.0	0.0	0.0	0.0	0.0	0.0	0.0	0.0	0.0	0.0	0.0	0.0	0.0	0.0	0.0	0.0
WBGene00219690	0.0	0.0	0.0	0.0	0.0	0.0	0.0	0.0	0.0	0.0	0.0	0.0	0.0	0.0	0.0	0.0
WBGene00009589	0.0	0.0	0.0	0.0	0.0	0.0	0.0	0.0	0.0	0.0	0.0	0.0	0.0	0.0	0.0	0.0
WBGene00000969	0.0	0.0	0.0	7815.467729915088	0.0	0.0	9334.091660890941	0.0	0.0	0.0	0.0	0.0	0.0	0.0	0.0	0.0
WBGene00018085	0.0	0.0	0.0	0.0	31639.765478593796	0.0	0.0	0.0	0.0	0.0	0.0	0.0	0.0	0.0	0.0	28051.17773174869
WBGene00012475	0.0	0.0	0.0	0.0	0.0	0.0	0.0	0.0	0.0	0.0	0.0	0.0	0.0	0.0	0.0	0.0
WBGene00020228	0.0	0.0	0.0	0.0	0.0	0.0	0.0	0.0	0.0	0.0	0.0	0.0	0.0	0.0	0.0	0.0
WBGene00000013	0.0	0.0	0.0	0.0	0.0	0.0	0.0	0.0	0.0	0.0	0.0	0.0	0.0	0.0	0.0	0.0
WBGene00011578	0.0	0.0	0.0	0.0	0.0	10828.749494316913	5224.374097725701	0.0	0.0	0.0	0.0	0.0	0.0	0.0	0.0	0.0
WBGene00000756	0.0	0.0	0.0	0.0	0.0	0.0	0.0	0.0	0.0	0.0	0.0	0.0	0.0	0.0	0.0	0.0
WBGene00006589	0.0	0.0	44274.191205476716	8159.979412451699	15048.916874912415	0.0	37779.17012160352	15147.267882325206	0.0	0.0	7510.778768729413	15609.692347383889	48385.28353690688	0.0	0.0	0.0
WBGene00008964	0.0	0.0	0.0	0.0	2896.4308065342298	0.0	0.0	0.0	0.0	0.0	2869.554826851069	0.0	0.0	2037.700575108309	5179.775145992293	3425.4304561054114
WBGene00044242	0.0	0.0	0.0	0.0	0.0	0.0	0.0	0.0	0.0	0.0	0.0	0.0	0.0	0.0	0.0	0.0
WBGene00007130	0.0	0.0	0.0	0.0	0.0	0.0	0.0	0.0	0.0	0.0	0.0	0.0	0.0	7058.368261901228	9951.902769494747	0.0
WBGene00015046	0.0	0.0	0.0	0.0	0.0	0.0	189839.94104232878	0.0	177542.3996858338	0.0	0.0	0.0	0.0	0.0	0.0	0.0
WBGene00202501	0.0	0.0	0.0	0.0	0.0	70184.88855121254	0.0	0.0	0.0	0.0	0.0	0.0	0.0	0.0	0.0	0.0
WBGene00018666	0.0	0.0	0.0	0.0	0.0	0.0	0.0	0.0	0.0	0.0	0.0	0.0	0.0	0.0	0.0	0.0
WBGene00000878	0.0	0.0	0.0	0.0	0.0	0.0	0.0	0.0	0.0	0.0	0.0	0.0	0.0	0.0	0.0	0.0
WBGene00018298	0.0	0.0	0.0	0.0	0.0	0.0	62018.12968140636	0.0	59354.94538816274	0.0	0.0	0.0	0.0	0.0	0.0	0.0
WBGene00021075	0.0	0.0	0.0	0.0	0.0	0.0	0.0	0.0	0.0	0.0	0.0	0.0	0.0	0.0	0.0	0.0
WBGene00017041	0.0	0.0	0.0	0.0	0.0	0.0	0.0	0.0	0.0	0.0	0.0	0.0	0.0	0.0	0.0	0.0
WBGene00009964	0.0	0.0	0.0	40229.681920496514	0.0	0.0	0.0	0.0	0.0	0.0	0.0	0.0	0.0	0.0	0.0	0.0
WBGene00023323	0.0	0.0	0.0	0.0	0.0	0.0	0.0	0.0	0.0	0.0	0.0	0.0	0.0	0.0	0.0	0.0
WBGene00010288	0.0	0.0	0.0	0.0	0.0	0.0	0.0	0.0	0.0	7584.296153551383	0.0	0.0	0.0	0.0	7736.586199274985	0.0
WBGene00021786	0.0	0.0	0.0	0.0	0.0	0.0	0.0	0.0	0.0	0.0	0.0	0.0	0.0	0.0	0.0	0.0
WBGene00012968	0.0	0.0	0.0	0.0	0.0	105585.64726569904	32838.34449196366	0.0	31227.388974551464	0.0	0.0	0.0	0.0	0.0	0.0	0.0
WBGene00022870	0.0	0.0	0.0	0.0	0.0	0.0	0.0	0.0	0.0	0.0	0.0	0.0	0.0	0.0	0.0	0.0
WBGene00023263	0.0	0.0	0.0	0.0	0.0	0.0	0.0	0.0	0.0	0.0	0.0	0.0	0.0	0.0	0.0	0.0
WBGene00007288	0.0	0.0	0.0	0.0	0.0	0.0	0.0	0.0	0.0	0.0	0.0	0.0	0.0	0.0	0.0	0.0
WBGene00219216	0.0	0.0	0.0	0.0	0.0	0.0	0.0	0.0	0.0	0.0	0.0	0.0	0.0	0.0	0.0	0.0
WBGene00044113	0.0	0.0	0.0	0.0	0.0	0.0	0.0	0.0	0.0	0.0	0.0	0.0	0.0	0.0	0.0	0.0
WBGene00000007	0.0	0.0	0.0	0.0	0.0	0.0	0.0	0.0	0.0	0.0	0.0	0.0	0.0	6861.8754220652445	0.0	0.0
WBGene00007682	0.0	0.0	0.0	0.0	0.0	0.0	0.0	0.0	86006.26575195447	0.0	0.0	0.0	0.0	0.0	0.0	0.0
WBGene00017726	0.0	0.0	0.0	0.0	0.0	0.0	0.0	0.0	0.0	0.0	0.0	0.0	0.0	0.0	0.0	0.0
WBGene00007659	0.0	0.0	0.0	0.0	0.0	0.0	0.0	0.0	0.0	0.0	0.0	0.0	0.0	0.0	0.0	0.0
WBGene00002067	0.0	4143.296144773132	0.0	3722.5107369074985	0.0	4608.300391122371	0.0	3333.4037157306366	0.0	0.0	6438.319451442231	0.0	0.0	0.0	17422.34778980312	0.0
WBGene00004001	0.0	0.0	0.0	0.0	0.0	0.0	0.0	0.0	0.0	0.0	0.0	0.0	0.0	0.0	0.0	0.0
WBGene00014206	0.0	0.0	0.0	0.0	0.0	14295.272497628044	0.0	0.0	0.0	0.0	0.0	0.0	0.0	0.0	0.0	0.0
WBGene00017417	7596.082523113353	0.0	0.0	0.0	0.0	0.0	0.0	0.0	0.0	0.0	0.0	0.0	0.0	0.0	0.0	0.0
WBGene00008490	0.0	0.0	13553.11960931126	0.0	0.0	0.0	0.0	0.0	8617.377916832893	0.0	0.0	0.0	0.0	0.0	0.0	0.0
WBGene00045095	0.0	0.0	0.0	0.0	0.0	0.0	0.0	0.0	0.0	0.0	0.0	0.0	0.0	0.0	0.0	0.0
WBGene00008955	0.0	0.0	0.0	0.0	0.0	0.0	0.0	0.0	0.0	0.0	0.0	0.0	0.0	0.0	0.0	0.0
WBGene00011185	0.0	0.0	0.0	0.0	0.0	0.0	0.0	0.0	0.0	0.0	0.0	0.0	0.0	0.0	0.0	0.0
WBGene00012451	0.0	0.0	0.0	0.0	0.0	0.0	0.0	0.0	0.0	0.0	0.0	0.0	0.0	0.0	0.0	0.0
WBGene00017072	0.0	0.0	0.0	0.0	0.0	0.0	0.0	0.0	0.0	0.0	0.0	0.0	0.0	0.0	0.0	0.0
WBGene00007320	0.0	0.0	0.0	0.0	0.0	0.0	0.0	0.0	0.0	0.0	0.0	0.0	0.0	0.0	0.0	0.0
WBGene00022475	0.0	0.0	0.0	0.0	9707.19446741264	0.0	0.0	0.0	0.0	0.0	0.0	0.0	0.0	0.0	8677.391673068576	10447.779032082763
WBGene00020887	0.0	0.0	0.0	0.0	0.0	0.0	33174.20675266551	25387.827528151574	0.0	0.0	26356.368127192585	0.0	0.0	0.0	0.0	0.0
WBGene00009209	0.0	0.0	0.0	0.0	0.0	0.0	0.0	0.0	0.0	0.0	0.0	0.0	0.0	0.0	0.0	0.0
WBGene00021601	0.0	0.0	0.0	0.0	0.0	0.0	0.0	0.0	0.0	0.0	0.0	0.0	0.0	3091.5955566500443	0.0	0.0
WBGene00022145	0.0	0.0	0.0	0.0	0.0	0.0	0.0	0.0	0.0	0.0	0.0	0.0	0.0	0.0	0.0	0.0
WBGene00219950	0.0	0.0	0.0	0.0	0.0	0.0	0.0	0.0	0.0	0.0	0.0	0.0	0.0	0.0	0.0	0.0
WBGene00235094	0.0	0.0	0.0	0.0	0.0	0.0	0.0	0.0	0.0	0.0	0.0	0.0	0.0	85931.31693251047	0.0	0.0
WBGene00020860	0.0	0.0	0.0	0.0	0.0	0.0	0.0	0.0	0.0	0.0	0.0	0.0	0.0	0.0	0.0	0.0
